ID,electricity_consumption
552,221
553,222
554,236
555,274
556,265
557,246
558,251
559,279
560,274
561,274
562,263
563,233
564,243
565,292
566,258
567,278
568,275
569,277
570,242
571,241
572,415
573,299
574,327
575,374
576,272
577,320
578,296
579,310
580,242
581,221
582,247
583,222
584,207
585,202
586,205
587,211
588,204
589,200
590,208
591,204
592,209
593,203
594,208
595,233
596,241
597,282
598,290
599,274
600,250
601,244
602,219
603,240
604,232
605,219
606,210
607,218
608,210
609,211
610,213
611,205
612,242
613,267
614,255
615,241
616,276
617,306
618,232
619,320
620,275
621,317
622,265
623,255
624,232
625,260
626,226
627,235
628,213
629,213
630,212
631,217
632,196
633,210
634,196
635,206
636,223
637,262
638,230
639,264
640,247
641,244
642,227
643,223
644,238
645,240
646,234
647,254
648,204
649,234
650,203
651,210
652,208
653,229
654,221
655,211
656,231
657,202
658,200
659,201
660,218
661,217
662,228
663,220
664,214
665,215
666,212
667,231
668,214
669,220
670,224
671,231
672,211
673,204
674,208
675,192
676,202
677,193
678,199
679,191
680,193
681,189
682,206
683,213
684,209
685,212
686,219
687,221
688,204
689,220
690,212
691,210
692,211
693,208
694,211
695,206
696,196
697,204
698,200
699,200
700,203
701,194
702,196
703,198
704,195
705,195
706,189
707,191
708,200
709,199
710,206
711,207
712,202
713,204
714,206
715,202
716,212
717,211
718,258
719,289
720,292
721,259
722,241
723,229
724,242
725,251
726,313
727,277
728,242
729,251
730,231
731,219
732,228
733,223
734,235
735,230
736,219
737,226
738,221
739,225
740,219
741,226
742,224
743,230
1296,488
1297,466
1298,409
1299,459
1300,423
1301,372
1302,399
1303,367
1304,317
1305,347
1306,273
1307,262
1308,273
1309,249
1310,269
1311,253
1312,248
1313,230
1314,291
1315,239
1316,499
1317,508
1318,417
1319,442
1320,438
1321,358
1322,486
1323,543
1324,454
1325,481
1326,525
1327,482
1328,426
1329,471
1330,432
1331,412
1332,418
1333,309
1334,289
1335,403
1336,291
1337,322
1338,255
1339,290
1340,288
1341,264
1342,262
1343,260
1344,243
1345,253
1346,296
1347,289
1348,418
1349,451
1350,440
1351,407
1352,405
1353,459
1354,426
1355,399
1356,558
1357,593
1358,567
1359,590
1360,583
1361,535
1362,633
1363,582
1364,490
1365,581
1366,581
1367,547
1368,636
1369,572
1370,582
1371,565
1372,553
1373,482
1374,396
1375,364
1376,435
1377,404
1378,426
1379,363
1380,329
1381,422
1382,459
1383,468
1384,412
1385,247
1386,268
1387,428
1388,408
1389,424
1390,398
1391,437
1392,418
1393,398
1394,453
1395,329
1396,356
1397,402
1398,322
1399,304
1400,292
1401,268
1402,261
1403,243
1404,261
1405,250
1406,248
1407,272
1408,252
1409,267
1410,261
1411,245
1412,254
1413,228
1414,236
1415,229
1416,262
1417,283
1418,415
1419,339
1420,334
1421,256
1422,234
1423,236
1424,235
1425,234
1426,220
1427,254
1428,220
1429,237
1430,237
1431,231
1432,219
1433,229
1434,235
1435,229
1436,241
1437,266
1438,240
1439,237
1440,241
1441,232
1442,211
1443,334
1444,262
1445,338
1446,289
1447,333
1448,322
1449,307
1450,251
1451,255
1452,252
1453,230
1454,232
1455,245
1456,238
1457,232
1458,250
1459,253
1460,243
1461,246
1462,236
1463,262
1464,224
1465,232
1466,233
1467,249
1468,220
1469,249
1470,241
1471,229
1472,221
1473,225
1474,225
1475,223
1476,227
1477,234
1478,230
1479,235
1480,243
1481,217
1482,233
1483,241
1484,237
1485,243
1486,294
1487,301
2040,204
2041,214
2042,204
2043,204
2044,202
2045,195
2046,201
2047,205
2048,203
2049,228
2050,214
2051,208
2052,251
2053,251
2054,264
2055,231
2056,220
2057,252
2058,237
2059,235
2060,237
2061,228
2062,332
2063,335
2064,259
2065,331
2066,328
2067,360
2068,257
2069,378
2070,267
2071,372
2072,263
2073,347
2074,313
2075,289
2076,348
2077,280
2078,296
2079,285
2080,261
2081,286
2082,316
2083,332
2084,385
2085,410
2086,406
2087,405
2088,364
2089,372
2090,462
2091,446
2092,446
2093,381
2094,374
2095,440
2096,381
2097,410
2098,424
2099,455
2100,360
2101,404
2102,359
2103,309
2104,298
2105,268
2106,338
2107,278
2108,280
2109,269
2110,300
2111,398
2112,367
2113,473
2114,345
2115,451
2116,406
2117,415
2118,390
2119,484
2120,366
2121,462
2122,468
2123,366
2124,403
2125,341
2126,351
2127,288
2128,349
2129,290
2130,298
2131,283
2132,441
2133,398
2134,416
2135,454
2136,364
2137,384
2138,385
2139,444
2140,451
2141,429
2142,474
2143,438
2144,496
2145,480
2146,430
2147,466
2148,466
2149,440
2150,444
2151,495
2152,446
2153,427
2154,447
2155,466
2156,503
2157,475
2158,478
2159,409
2160,448
2161,433
2162,370
2163,345
2164,290
2165,330
2166,263
2167,240
2168,276
2169,229
2170,226
2171,216
2172,226
2173,216
2174,210
2175,266
2176,351
2177,375
2178,242
2179,302
2180,352
2181,358
2182,326
2183,384
2184,443
2185,440
2186,450
2187,401
2188,434
2189,441
2190,405
2191,423
2192,432
2193,370
2194,368
2195,423
2196,289
2197,264
2198,235
2199,271
2200,250
2201,268
2202,266
2203,348
2204,413
2205,406
2206,382
2207,407
2760,320
2761,314
2762,316
2763,309
2764,350
2765,320
2766,357
2767,372
2768,329
2769,376
2770,343
2771,328
2772,316
2773,330
2774,297
2775,370
2776,340
2777,326
2778,335
2779,336
2780,303
2781,356
2782,365
2783,355
2784,342
2785,382
2786,346
2787,373
2788,330
2789,329
2790,299
2791,331
2792,337
2793,300
2794,304
2795,308
2796,308
2797,297
2798,282
2799,291
2800,355
2801,321
2802,318
2803,303
2804,319
2805,316
2806,341
2807,332
2808,308
2809,299
2810,307
2811,306
2812,330
2813,314
2814,329
2815,346
2816,311
2817,308
2818,284
2819,323
2820,303
2821,293
2822,329
2823,304
2824,321
2825,319
2826,301
2827,309
2828,318
2829,332
2830,334
2831,329
2832,309
2833,327
2834,334
2835,321
2836,327
2837,348
2838,360
2839,320
2840,374
2841,355
2842,360
2843,332
2844,346
2845,325
2846,316
2847,320
2848,316
2849,321
2850,233
2851,322
2852,308
2853,310
2854,389
2855,361
2856,332
2857,361
2858,359
2859,351
2860,349
2861,336
2862,330
2863,315
2864,361
2865,313
2866,353
2867,293
2868,279
2869,261
2870,289
2871,292
2872,259
2873,284
2874,248
2875,248
2876,248
2877,243
2878,263
2879,245
2880,250
2881,249
2882,250
2883,253
2884,237
2885,250
2886,246
2887,247
2888,255
2889,251
2890,254
2891,252
2892,259
2893,252
2894,254
2895,257
2896,252
2897,264
2898,253
2899,246
2900,263
2901,269
2902,274
2903,290
2904,311
2905,294
2906,280
2907,280
2908,306
2909,311
2910,314
2911,278
2912,303
2913,285
2914,273
2915,264
2916,259
2917,272
2918,275
2919,266
2920,260
2921,259
2922,260
2923,255
2924,258
2925,257
2926,266
2927,262
2928,280
2929,281
2930,324
2931,286
2932,297
2933,287
2934,313
2935,291
2936,330
2937,319
2938,294
2939,320
2940,306
2941,303
2942,305
2943,299
2944,316
2945,292
2946,298
2947,298
2948,308
2949,292
2950,296
2951,316
3504,362
3505,284
3506,304
3507,314
3508,328
3509,278
3510,337
3511,303
3512,338
3513,338
3514,299
3515,351
3516,333
3517,343
3518,334
3519,327
3520,331
3521,334
3522,328
3523,332
3524,284
3525,312
3526,322
3527,339
3528,360
3529,365
3530,331
3531,349
3532,336
3533,317
3534,378
3535,353
3536,331
3537,350
3538,342
3539,350
3540,288
3541,272
3542,329
3543,288
3544,321
3545,348
3546,350
3547,315
3548,340
3549,333
3550,353
3551,333
3552,376
3553,411
3554,412
3555,375
3556,380
3557,384
3558,361
3559,367
3560,363
3561,371
3562,394
3563,428
3564,373
3565,361
3566,362
3567,371
3568,410
3569,365
3570,352
3571,364
3572,366
3573,361
3574,350
3575,353
3576,379
3577,353
3578,355
3579,355
3580,378
3581,382
3582,356
3583,360
3584,383
3585,354
3586,371
3587,384
3588,333
3589,375
3590,316
3591,253
3592,280
3593,285
3594,298
3595,282
3596,281
3597,299
3598,246
3599,275
3600,284
3601,258
3602,261
3603,295
3604,266
3605,272
3606,274
3607,263
3608,260
3609,259
3610,307
3611,310
3612,279
3613,298
3614,319
3615,288
3616,266
3617,279
3618,263
3619,254
3620,260
3621,236
3622,239
3623,240
3624,257
3625,260
3626,238
3627,256
3628,235
3629,252
3630,266
3631,239
3632,276
3633,236
3634,272
3635,270
3636,306
3637,288
3638,282
3639,276
3640,269
3641,274
3642,280
3643,269
3644,295
3645,285
3646,266
3647,262
3648,273
3649,307
3650,298
3651,309
3652,289
3653,289
3654,373
3655,355
3656,362
3657,329
3658,331
3659,313
3660,351
3661,277
3662,275
3663,274
3664,251
3665,259
3666,255
3667,254
3668,298
3669,299
3670,266
3671,294
4224,321
4225,312
4226,304
4227,314
4228,308
4229,232
4230,260
4231,258
4232,292
4233,270
4234,313
4235,292
4236,292
4237,266
4238,280
4239,271
4240,301
4241,258
4242,298
4243,245
4244,263
4245,371
4246,297
4247,294
4248,360
4249,309
4250,231
4251,314
4252,395
4253,338
4254,355
4255,377
4256,342
4257,350
4258,273
4259,268
4260,260
4261,254
4262,305
4263,278
4264,281
4265,277
4266,308
4267,296
4268,246
4269,355
4270,343
4271,391
4272,392
4273,392
4274,373
4275,354
4276,393
4277,354
4278,334
4279,388
4280,379
4281,358
4282,344
4283,404
4284,408
4285,425
4286,350
4287,438
4288,333
4289,329
4290,408
4291,374
4292,359
4293,337
4294,334
4295,351
4296,334
4297,350
4298,342
4299,406
4300,391
4301,411
4302,369
4303,435
4304,423
4305,456
4306,447
4307,406
4308,387
4309,407
4310,402
4311,407
4312,403
4313,406
4314,392
4315,380
4316,387
4317,380
4318,388
4319,406
4320,399
4321,406
4322,366
4323,403
4324,402
4325,380
4326,353
4327,341
4328,347
4329,403
4330,367
4331,384
4332,349
4333,416
4334,397
4335,418
4336,415
4337,406
4338,399
4339,379
4340,421
4341,399
4342,396
4343,402
4344,368
4345,360
4346,385
4347,390
4348,376
4349,360
4350,359
4351,351
4352,326
4353,335
4354,366
4355,375
4356,359
4357,393
4358,349
4359,389
4360,395
4361,350
4362,368
4363,392
4364,360
4365,359
4366,371
4367,321
4368,379
4369,392
4370,387
4371,401
4372,389
4373,404
4374,434
4375,398
4376,405
4377,401
4378,401
4379,423
4380,409
4381,404
4382,427
4383,439
4384,436
4385,399
4386,379
4387,390
4388,366
4389,376
4390,363
4391,374
4392,401
4393,400
4394,404
4395,415
4396,403
4397,365
4398,377
4399,388
4400,408
4401,392
4402,364
4403,310
4404,309
4405,297
4406,304
4407,280
4408,293
4409,306
4410,301
4411,312
4412,303
4413,307
4414,365
4415,365
4968,319
4969,291
4970,288
4971,282
4972,288
4973,276
4974,287
4975,303
4976,336
4977,316
4978,352
4979,338
4980,335
4981,328
4982,326
4983,311
4984,317
4985,318
4986,313
4987,313
4988,316
4989,323
4990,339
4991,321
4992,338
4993,329
4994,318
4995,323
4996,293
4997,350
4998,326
4999,303
5000,308
5001,356
5002,344
5003,318
5004,346
5005,488
5006,488
5007,345
5008,330
5009,335
5010,326
5011,385
5012,310
5013,386
5014,372
5015,334
5016,560
5017,371
5018,401
5019,410
5020,344
5021,545
5022,367
5023,352
5024,411
5025,258
5026,273
5027,345
5028,272
5029,345
5030,315
5031,352
5032,355
5033,290
5034,282
5035,318
5036,298
5037,294
5038,299
5039,290
5040,271
5041,243
5042,262
5043,234
5044,285
5045,265
5046,249
5047,237
5048,299
5049,334
5050,333
5051,314
5052,408
5053,328
5054,346
5055,427
5056,344
5057,333
5058,327
5059,422
5060,300
5061,318
5062,302
5063,391
5064,308
5065,303
5066,336
5067,387
5068,310
5069,309
5070,307
5071,342
5072,321
5073,320
5074,308
5075,333
5076,278
5077,306
5078,322
5079,272
5080,301
5081,314
5082,311
5083,318
5084,378
5085,324
5086,446
5087,311
5088,356
5089,345
5090,357
5091,315
5092,324
5093,344
5094,333
5095,333
5096,338
5097,346
5098,529
5099,358
5100,487
5101,466
5102,337
5103,435
5104,357
5105,323
5106,318
5107,329
5108,363
5109,354
5110,439
5111,447
5112,339
5113,454
5114,338
5115,331
5116,330
5117,348
5118,295
5119,313
5120,302
5121,315
5122,290
5123,280
5124,234
5125,261
5126,266
5127,262
5128,243
5129,260
5130,286
5131,295
5132,313
5133,270
5134,283
5135,313
5136,296
5137,295
5138,306
5139,305
5140,288
5141,276
5142,302
5143,308
5144,329
5145,273
5146,332
5147,337
5148,282
5149,300
5150,290
5151,307
5152,262
5153,282
5154,273
5155,316
5156,289
5157,273
5158,270
5159,300
5712,296
5713,299
5714,317
5715,298
5716,317
5717,314
5718,317
5719,325
5720,327
5721,325
5722,345
5723,341
5724,311
5725,295
5726,282
5727,292
5728,266
5729,267
5730,262
5731,289
5732,298
5733,289
5734,280
5735,288
5736,298
5737,267
5738,280
5739,291
5740,287
5741,278
5742,286
5743,287
5744,281
5745,325
5746,293
5747,322
5748,286
5749,256
5750,302
5751,285
5752,274
5753,312
5754,295
5755,280
5756,296
5757,285
5758,290
5759,288
5760,283
5761,296
5762,299
5763,295
5764,269
5765,294
5766,297
5767,294
5768,297
5769,329
5770,332
5771,329
5772,289
5773,325
5774,326
5775,294
5776,281
5777,289
5778,290
5779,296
5780,293
5781,297
5782,285
5783,316
5784,308
5785,293
5786,299
5787,304
5788,296
5789,309
5790,313
5791,305
5792,310
5793,329
5794,308
5795,322
5796,319
5797,300
5798,325
5799,335
5800,325
5801,325
5802,301
5803,290
5804,291
5805,290
5806,282
5807,292
5808,284
5809,264
5810,304
5811,302
5812,302
5813,320
5814,304
5815,320
5816,300
5817,308
5818,316
5819,317
5820,304
5821,332
5822,310
5823,336
5824,338
5825,326
5826,313
5827,303
5828,308
5829,313
5830,309
5831,306
6384,284
6385,268
6386,317
6387,309
6388,301
6389,289
6390,248
6391,289
6392,290
6393,286
6394,304
6395,316
6396,311
6397,278
6398,272
6399,249
6400,248
6401,253
6402,249
6403,246
6404,253
6405,298
6406,277
6407,279
6408,298
6409,262
6410,287
6411,270
6412,246
6413,233
6414,272
6415,263
6416,281
6417,252
6418,323
6419,308
6420,307
6421,299
6422,304
6423,284
6424,269
6425,287
6426,299
6427,307
6428,278
6429,301
6430,302
6431,306
6432,299
6433,306
6434,283
6435,281
6436,280
6437,296
6438,232
6439,303
6440,260
6441,317
6442,310
6443,325
6444,283
6445,313
6446,230
6447,259
6448,229
6449,273
6450,247
6451,281
6452,253
6453,294
6454,292
6455,272
6456,282
6457,300
6458,286
6459,304
6460,293
6461,304
6462,277
6463,287
6464,313
6465,320
6466,311
6467,325
6468,253
6469,299
6470,226
6471,269
6472,242
6473,259
6474,274
6475,251
6476,247
6477,289
6478,288
6479,256
6480,286
6481,248
6482,290
6483,299
6484,255
6485,279
6486,315
6487,317
6488,307
6489,308
6490,302
6491,330
6492,327
6493,330
6494,295
6495,317
6496,285
6497,305
6498,319
6499,316
6500,315
6501,322
6502,317
6503,273
6504,293
6505,264
6506,244
6507,267
6508,202
6509,181
6510,175
6511,174
6512,175
6513,184
6514,176
6515,179
6516,185
6517,184
6518,180
6519,195
6520,178
6521,184
6522,175
6523,184
6524,192
6525,221
6526,184
6527,215
6528,214
6529,219
6530,187
6531,190
6532,190
6533,189
6534,197
6535,211
6536,178
6537,194
6538,178
6539,192
6540,172
6541,168
6542,145
6543,188
6544,213
6545,221
6546,215
6547,242
6548,243
6549,263
6550,290
6551,358
6552,286
6553,233
6554,197
6555,237
6556,217
6557,226
6558,219
6559,229
6560,198
6561,198
6562,172
6563,172
6564,171
6565,160
6566,185
6567,183
6568,165
6569,202
6570,204
6571,224
6572,198
6573,181
6574,206
6575,200
7128,222
7129,217
7130,256
7131,206
7132,221
7133,210
7134,237
7135,182
7136,216
7137,200
7138,197
7139,190
7140,202
7141,204
7142,184
7143,220
7144,211
7145,207
7146,233
7147,231
7148,228
7149,262
7150,267
7151,206
7152,267
7153,209
7154,197
7155,257
7156,227
7157,238
7158,236
7159,237
7160,238
7161,246
7162,249
7163,262
7164,236
7165,281
7166,278
7167,261
7168,327
7169,320
7170,291
7171,328
7172,352
7173,291
7174,332
7175,302
7176,330
7177,301
7178,296
7179,275
7180,258
7181,266
7182,253
7183,273
7184,258
7185,285
7186,246
7187,308
7188,308
7189,285
7190,253
7191,281
7192,268
7193,286
7194,341
7195,318
7196,295
7197,292
7198,326
7199,326
7200,343
7201,289
7202,302
7203,253
7204,266
7205,239
7206,265
7207,250
7208,256
7209,232
7210,228
7211,247
7212,277
7213,247
7214,265
7215,267
7216,269
7217,300
7218,404
7219,379
7220,402
7221,429
7222,335
7223,334
7224,347
7225,355
7226,276
7227,310
7228,281
7229,261
7230,284
7231,260
7232,323
7233,332
7234,266
7235,291
7236,414
7237,352
7238,324
7239,300
7240,321
7241,260
7242,286
7243,282
7244,268
7245,291
7246,324
7247,380
7248,379
7249,344
7250,279
7251,234
7252,247
7253,245
7254,215
7255,312
7256,279
7257,270
7258,247
7259,414
7260,444
7261,328
7262,316
7263,409
7264,293
7265,347
7266,262
7267,276
7268,307
7269,269
7270,360
7271,304
7272,254
7273,326
7274,428
7275,442
7276,304
7277,359
7278,288
7279,390
7280,428
7281,465
7282,346
7283,442
7284,353
7285,445
7286,395
7287,450
7288,430
7289,372
7290,350
7291,358
7292,461
7293,457
7294,335
7295,426
7848,373
7849,339
7850,406
7851,370
7852,351
7853,327
7854,353
7855,356
7856,391
7857,327
7858,327
7859,287
7860,317
7861,281
7862,277
7863,299
7864,333
7865,366
7866,426
7867,395
7868,395
7869,427
7870,449
7871,401
7872,345
7873,337
7874,316
7875,329
7876,279
7877,341
7878,270
7879,265
7880,286
7881,362
7882,319
7883,294
7884,293
7885,370
7886,308
7887,349
7888,329
7889,275
7890,369
7891,423
7892,339
7893,385
7894,361
7895,417
7896,362
7897,338
7898,342
7899,354
7900,315
7901,346
7902,299
7903,224
7904,221
7905,230
7906,261
7907,226
7908,200
7909,206
7910,209
7911,223
7912,275
7913,306
7914,352
7915,324
7916,383
7917,250
7918,421
7919,361
7920,341
7921,400
7922,377
7923,310
7924,274
7925,320
7926,293
7927,265
7928,239
7929,240
7930,227
7931,244
7932,248
7933,256
7934,238
7935,305
7936,288
7937,300
7938,318
7939,399
7940,347
7941,310
7942,349
7943,378
7944,340
7945,379
7946,361
7947,316
7948,306
7949,294
7950,270
7951,233
7952,242
7953,225
7954,301
7955,272
7956,235
7957,278
7958,322
7959,293
7960,239
7961,252
7962,267
7963,252
7964,198
7965,289
7966,339
7967,338
7968,309
7969,350
7970,297
7971,305
7972,290
7973,308
7974,275
7975,318
7976,210
7977,285
7978,264
7979,279
7980,221
7981,228
7982,232
7983,255
7984,217
7985,296
7986,292
7987,328
7988,297
7989,299
7990,327
7991,308
7992,386
7993,376
7994,394
7995,383
7996,372
7997,372
7998,307
7999,289
8000,205
8001,181
8002,190
8003,204
8004,195
8005,221
8006,180
8007,207
8008,224
8009,230
8010,277
8011,196
8012,219
8013,252
8014,394
8015,356
8016,309
8017,410
8018,395
8019,362
8020,406
8021,300
8022,374
8023,338
8024,321
8025,318
8026,305
8027,299
8028,314
8029,267
8030,240
8031,290
8032,369
8033,321
8034,360
8035,390
8036,421
8037,477
8038,508
8039,395
8592,342
8593,327
8594,328
8595,291
8596,270
8597,253
8598,290
8599,258
8600,300
8601,284
8602,227
8603,236
8604,262
8605,241
8606,234
8607,245
8608,283
8609,261
8610,286
8611,267
8612,305
8613,355
8614,358
8615,339
8616,351
8617,346
8618,390
8619,331
8620,384
8621,315
8622,316
8623,313
8624,392
8625,297
8626,298
8627,272
8628,284
8629,282
8630,273
8631,266
8632,367
8633,377
8634,313
8635,395
8636,435
8637,470
8638,454
8639,485
8640,342
8641,410
8642,330
8643,304
8644,359
8645,311
8646,338
8647,268
8648,303
8649,271
8650,345
8651,348
8652,298
8653,328
8654,284
8655,307
8656,360
8657,420
8658,430
8659,416
8660,361
8661,420
8662,440
8663,336
8664,420
8665,355
8666,294
8667,426
8668,348
8669,310
8670,211
8671,285
8672,288
8673,416
8674,272
8675,278
8676,264
8677,241
8678,250
8679,353
8680,339
8681,302
8682,448
8683,446
8684,419
8685,442
8686,419
8687,366
8688,499
8689,502
8690,533
8691,472
8692,371
8693,413
8694,276
8695,279
8696,293
8697,309
8698,405
8699,402
8700,244
8701,262
8702,364
8703,237
8704,310
8705,304
8706,327
8707,262
8708,353
8709,342
8710,252
8711,249
8712,288
8713,325
8714,506
8715,473
8716,449
8717,460
8718,301
8719,467
8720,299
8721,420
8722,427
8723,398
8724,477
8725,387
8726,456
8727,414
8728,487
8729,466
8730,455
8731,468
8732,463
8733,494
8734,416
8735,424
8736,368
8737,430
8738,286
8739,338
8740,427
8741,252
8742,275
8743,354
8744,230
8745,283
8746,258
8747,221
8748,237
8749,248
8750,249
8751,270
8752,272
8753,275
8754,303
8755,342
8756,374
8757,543
8758,389
8759,347
9312,311
9313,304
9314,248
9315,238
9316,225
9317,220
9318,213
9319,216
9320,212
9321,214
9322,207
9323,206
9324,207
9325,214
9326,206
9327,216
9328,210
9329,276
9330,229
9331,285
9332,265
9333,330
9334,316
9335,327
9336,358
9337,375
9338,345
9339,347
9340,327
9341,282
9342,308
9343,302
9344,296
9345,241
9346,270
9347,260
9348,283
9349,274
9350,258
9351,267
9352,240
9353,247
9354,304
9355,290
9356,256
9357,291
9358,330
9359,312
9360,325
9361,350
9362,380
9363,273
9364,291
9365,297
9366,367
9367,349
9368,260
9369,280
9370,356
9371,278
9372,263
9373,306
9374,277
9375,286
9376,272
9377,292
9378,319
9379,398
9380,394
9381,353
9382,303
9383,364
9384,350
9385,251
9386,239
9387,348
9388,282
9389,346
9390,344
9391,262
9392,232
9393,239
9394,273
9395,265
9396,251
9397,265
9398,274
9399,259
9400,283
9401,245
9402,302
9403,287
9404,295
9405,484
9406,449
9407,306
9408,436
9409,448
9410,401
9411,310
9412,303
9413,300
9414,239
9415,378
9416,325
9417,374
9418,321
9419,334
9420,264
9421,313
9422,432
9423,437
9424,445
9425,372
9426,521
9427,641
9428,446
9429,493
9430,499
9431,811
9432,377
9433,260
9434,267
9435,300
9436,227
9437,246
9438,221
9439,202
9440,250
9441,228
9442,225
9443,205
9444,225
9445,221
9446,242
9447,228
9448,261
9449,295
9450,244
9451,299
9452,267
9453,298
9454,248
9455,235
9456,325
9457,314
9458,291
9459,304
9460,237
9461,245
9462,364
9463,379
9464,345
9465,411
9466,343
9467,418
9468,403
9469,424
9470,416
9471,423
9472,424
9473,429
9474,497
9475,488
9476,509
9477,449
9478,507
9479,454
9480,514
9481,468
9482,497
9483,430
9484,329
9485,547
9486,259
9487,429
9488,452
9489,327
9490,249
9491,210
9492,220
9493,222
9494,218
9495,210
9496,209
9497,210
9498,212
9499,229
9500,217
9501,220
9502,228
9503,220
10056,271
10057,259
10058,248
10059,242
10060,322
10061,281
10062,303
10063,333
10064,340
10065,371
10066,415
10067,454
10068,420
10069,400
10070,336
10071,283
10072,360
10073,350
10074,319
10075,357
10076,274
10077,297
10078,285
10079,247
10080,250
10081,250
10082,222
10083,234
10084,208
10085,207
10086,200
10087,204
10088,201
10089,202
10090,208
10091,207
10092,208
10093,221
10094,208
10095,208
10096,250
10097,243
10098,186
10099,257
10100,249
10101,267
10102,237
10103,226
10104,211
10105,264
10106,262
10107,292
10108,274
10109,240
10110,238
10111,256
10112,236
10113,215
10114,258
10115,242
10116,245
10117,270
10118,248
10119,250
10120,237
10121,242
10122,267
10123,237
10124,252
10125,295
10126,236
10127,270
10128,281
10129,262
10130,263
10131,363
10132,348
10133,343
10134,440
10135,367
10136,424
10137,398
10138,428
10139,433
10140,402
10141,439
10142,332
10143,307
10144,291
10145,304
10146,281
10147,273
10148,289
10149,359
10150,320
10151,455
10152,358
10153,487
10154,427
10155,397
10156,376
10157,402
10158,405
10159,413
10160,365
10161,375
10162,415
10163,430
10164,358
10165,375
10166,360
10167,361
10168,391
10169,337
10170,285
10171,270
10172,353
10173,286
10174,311
10175,274
10176,304
10177,267
10178,481
10179,480
10180,459
10181,443
10182,435
10183,432
10184,447
10185,425
10186,411
10187,455
10188,397
10189,434
10190,418
10191,477
10192,393
10193,381
10194,472
10195,454
10196,520
10197,448
10198,477
10199,465
10200,447
10201,460
10202,439
10203,489
10204,439
10205,421
10206,394
10207,385
10208,473
10209,487
10210,471
10211,440
10212,472
10213,486
10214,500
10215,422
10216,433
10217,434
10218,448
10219,434
10220,495
10221,497
10222,423
10223,400
10224,380
10225,394
10226,362
10227,370
10228,312
10229,339
10230,302
10231,296
10232,319
10233,285
10234,300
10235,277
10236,326
10237,438
10238,409
10239,398
10240,467
10241,441
10242,494
10243,470
10244,491
10245,503
10246,500
10247,518
10800,423
10801,343
10802,348
10803,312
10804,363
10805,354
10806,307
10807,290
10808,404
10809,404
10810,382
10811,360
10812,429
10813,335
10814,350
10815,373
10816,319
10817,400
10818,387
10819,339
10820,451
10821,410
10822,488
10823,429
10824,396
10825,459
10826,384
10827,351
10828,350
10829,325
10830,381
10831,329
10832,354
10833,314
10834,293
10835,266
10836,265
10837,248
10838,259
10839,241
10840,240
10841,298
10842,271
10843,244
10844,340
10845,320
10846,417
10847,378
10848,305
10849,265
10850,305
10851,246
10852,303
10853,317
10854,353
10855,309
10856,311
10857,302
10858,350
10859,304
10860,300
10861,305
10862,301
10863,281
10864,322
10865,330
10866,313
10867,263
10868,301
10869,300
10870,347
10871,327
10872,454
10873,398
10874,409
10875,350
10876,381
10877,388
10878,458
10879,454
10880,349
10881,425
10882,410
10883,346
10884,369
10885,293
10886,256
10887,237
10888,229
10889,232
10890,227
10891,223
10892,235
10893,207
10894,225
10895,223
10896,220
10897,202
10898,211
10899,209
10900,194
10901,207
10902,204
10903,208
10904,208
10905,235
10906,215
10907,208
10908,218
10909,204
10910,220
10911,192
10912,200
10913,193
10914,194
10915,200
10916,198
10917,302
10918,224
10919,290
10920,254
10921,281
10922,233
10923,205
10924,219
10925,200
10926,206
10927,193
10928,226
10929,208
10930,214
10931,218
10932,243
10933,192
10934,243
10935,240
10936,236
10937,240
10938,235
10939,255
10940,258
10941,232
10942,236
10943,239
10944,272
10945,240
10946,272
10947,282
10948,249
10949,346
10950,350
10951,410
10952,385
10953,370
10954,348
10955,303
10956,320
10957,343
10958,299
10959,269
10960,292
10961,259
10962,257
10963,271
10964,225
10965,228
10966,218
10967,222
11520,309
11521,321
11522,260
11523,294
11524,282
11525,290
11526,246
11527,234
11528,236
11529,238
11530,241
11531,222
11532,226
11533,227
11534,219
11535,246
11536,232
11537,239
11538,236
11539,236
11540,240
11541,313
11542,341
11543,353
11544,326
11545,278
11546,328
11547,289
11548,356
11549,395
11550,340
11551,303
11552,307
11553,299
11554,335
11555,307
11556,307
11557,350
11558,360
11559,295
11560,289
11561,274
11562,347
11563,337
11564,350
11565,376
11566,353
11567,376
11568,308
11569,370
11570,366
11571,345
11572,336
11573,345
11574,341
11575,359
11576,327
11577,240
11578,217
11579,207
11580,213
11581,215
11582,205
11583,208
11584,210
11585,206
11586,204
11587,202
11588,203
11589,204
11590,194
11591,206
11592,191
11593,208
11594,201
11595,202
11596,197
11597,174
11598,201
11599,240
11600,226
11601,224
11602,236
11603,246
11604,264
11605,271
11606,272
11607,274
11608,270
11609,259
11610,260
11611,297
11612,290
11613,258
11614,249
11615,248
11616,277
11617,268
11618,299
11619,320
11620,313
11621,320
11622,307
11623,313
11624,308
11625,298
11626,282
11627,268
11628,245
11629,278
11630,303
11631,288
11632,291
11633,277
11634,278
11635,298
11636,271
11637,332
11638,334
11639,318
11640,355
11641,364
11642,337
11643,392
11644,398
11645,379
11646,365
11647,405
11648,368
11649,424
11650,394
11651,374
11652,438
11653,400
11654,415
11655,390
11656,388
11657,379
11658,412
11659,411
11660,440
11661,442
11662,385
11663,423
11664,365
11665,407
11666,393
11667,361
11668,378
11669,396
11670,344
11671,356
11672,369
11673,425
11674,442
11675,426
11676,419
11677,370
11678,396
11679,408
11680,390
11681,358
11682,362
11683,336
11684,332
11685,320
11686,312
11687,338
11688,351
11689,367
11690,340
11691,384
11692,387
11693,370
11694,435
11695,393
11696,368
11697,398
11698,389
11699,434
11700,353
11701,320
11702,299
11703,316
11704,361
11705,341
11706,326
11707,338
11708,359
11709,413
11710,420
11711,372
12264,330
12265,301
12266,327
12267,294
12268,335
12269,287
12270,307
12271,329
12272,334
12273,339
12274,305
12275,306
12276,336
12277,314
12278,258
12279,260
12280,256
12281,238
12282,238
12283,248
12284,252
12285,252
12286,246
12287,246
12288,261
12289,279
12290,317
12291,319
12292,274
12293,268
12294,304
12295,333
12296,358
12297,340
12298,362
12299,319
12300,360
12301,387
12302,332
12303,351
12304,356
12305,375
12306,370
12307,359
12308,360
12309,373
12310,359
12311,344
12312,329
12313,358
12314,354
12315,358
12316,340
12317,341
12318,360
12319,301
12320,324
12321,371
12322,367
12323,339
12324,368
12325,380
12326,371
12327,364
12328,371
12329,303
12330,286
12331,304
12332,316
12333,304
12334,386
12335,362
12336,390
12337,341
12338,377
12339,367
12340,364
12341,345
12342,314
12343,389
12344,317
12345,317
12346,295
12347,346
12348,288
12349,336
12350,307
12351,353
12352,367
12353,272
12354,247
12355,286
12356,307
12357,344
12358,307
12359,289
12360,287
12361,316
12362,272
12363,289
12364,288
12365,305
12366,301
12367,283
12368,278
12369,265
12370,283
12371,291
12372,258
12373,297
12374,265
12375,276
12376,264
12377,248
12378,253
12379,238
12380,263
12381,251
12382,298
12383,281
12384,287
12385,270
12386,280
12387,299
12388,302
12389,310
12390,305
12391,284
12392,286
12393,358
12394,363
12395,356
12396,290
12397,280
12398,300
12399,255
12400,274
12401,262
12402,284
12403,264
12404,335
12405,334
12406,370
12407,314
12408,343
12409,344
12410,334
12411,343
12412,343
12413,348
12414,308
12415,301
12416,289
12417,308
12418,292
12419,338
12420,283
12421,335
12422,339
12423,337
12424,294
12425,295
12426,337
12427,291
12428,375
12429,373
12430,334
12431,347
12984,356
12985,352
12986,362
12987,331
12988,323
12989,374
12990,387
12991,386
12992,427
12993,377
12994,391
12995,337
12996,430
12997,396
12998,416
12999,385
13000,386
13001,410
13002,400
13003,400
13004,393
13005,388
13006,379
13007,382
13008,421
13009,406
13010,409
13011,393
13012,377
13013,368
13014,352
13015,420
13016,383
13017,378
13018,393
13019,378
13020,407
13021,413
13022,410
13023,389
13024,368
13025,416
13026,397
13027,399
13028,388
13029,371
13030,374
13031,383
13032,395
13033,391
13034,371
13035,377
13036,352
13037,391
13038,360
13039,384
13040,390
13041,401
13042,334
13043,392
13044,399
13045,352
13046,331
13047,396
13048,403
13049,366
13050,322
13051,317
13052,325
13053,386
13054,325
13055,396
13056,384
13057,360
13058,324
13059,358
13060,366
13061,345
13062,283
13063,346
13064,342
13065,356
13066,324
13067,371
13068,350
13069,328
13070,409
13071,373
13072,405
13073,373
13074,409
13075,323
13076,374
13077,377
13078,357
13079,345
13080,302
13081,324
13082,314
13083,308
13084,316
13085,313
13086,280
13087,278
13088,311
13089,319
13090,299
13091,318
13092,342
13093,356
13094,356
13095,321
13096,309
13097,365
13098,345
13099,365
13100,277
13101,333
13102,334
13103,354
13104,411
13105,407
13106,383
13107,380
13108,346
13109,388
13110,398
13111,437
13112,390
13113,380
13114,400
13115,414
13116,392
13117,320
13118,335
13119,264
13120,284
13121,288
13122,299
13123,316
13124,374
13125,376
13126,332
13127,367
13128,393
13129,398
13130,402
13131,408
13132,378
13133,376
13134,347
13135,392
13136,416
13137,404
13138,412
13139,423
13140,429
13141,415
13142,421
13143,393
13144,407
13145,420
13146,416
13147,456
13148,427
13149,396
13150,404
13151,402
13152,393
13153,409
13154,364
13155,359
13156,249
13157,334
13158,327
13159,299
13160,339
13161,280
13162,277
13163,300
13164,268
13165,267
13166,238
13167,258
13168,274
13169,326
13170,280
13171,303
13172,293
13173,344
13174,299
13175,290
13728,306
13729,322
13730,295
13731,339
13732,354
13733,272
13734,303
13735,318
13736,324
13737,299
13738,286
13739,292
13740,426
13741,303
13742,287
13743,302
13744,310
13745,323
13746,303
13747,305
13748,298
13749,325
13750,296
13751,318
13752,330
13753,349
13754,363
13755,361
13756,375
13757,372
13758,320
13759,284
13760,355
13761,338
13762,340
13763,332
13764,344
13765,360
13766,345
13767,493
13768,360
13769,445
13770,333
13771,335
13772,337
13773,350
13774,349
13775,355
13776,380
13777,499
13778,371
13779,396
13780,343
13781,315
13782,352
13783,276
13784,293
13785,370
13786,319
13787,467
13788,441
13789,346
13790,372
13791,332
13792,319
13793,321
13794,339
13795,406
13796,355
13797,359
13798,450
13799,286
13800,326
13801,309
13802,238
13803,261
13804,271
13805,282
13806,277
13807,284
13808,297
13809,238
13810,280
13811,263
13812,265
13813,220
13814,224
13815,254
13816,275
13817,315
13818,267
13819,281
13820,295
13821,292
13822,314
13823,288
13824,303
13825,301
13826,247
13827,279
13828,273
13829,275
13830,286
13831,287
13832,278
13833,242
13834,268
13835,277
13836,262
13837,265
13838,288
13839,305
13840,274
13841,402
13842,278
13843,272
13844,288
13845,286
13846,254
13847,227
13848,280
13849,237
13850,245
13851,228
13852,262
13853,285
13854,248
13855,264
13856,263
13857,256
13858,247
13859,233
13860,226
13861,251
13862,249
13863,230
13864,256
13865,237
13866,231
13867,251
13868,252
13869,248
13870,216
13871,237
13872,223
13873,250
13874,248
13875,261
13876,280
13877,257
13878,267
13879,250
13880,225
13881,227
13882,227
13883,229
13884,249
13885,265
13886,253
13887,265
13888,244
13889,248
13890,260
13891,261
13892,266
13893,261
13894,266
13895,246
13896,253
13897,258
13898,258
13899,254
13900,263
13901,269
13902,258
13903,263
13904,290
13905,254
13906,271
13907,295
13908,305
13909,272
13910,299
13911,260
13912,292
13913,282
13914,276
13915,289
13916,309
13917,297
13918,283
13919,274
14472,283
14473,293
14474,282
14475,284
14476,271
14477,272
14478,285
14479,265
14480,301
14481,283
14482,295
14483,282
14484,277
14485,264
14486,255
14487,254
14488,261
14489,287
14490,295
14491,279
14492,284
14493,294
14494,275
14495,299
14496,304
14497,278
14498,292
14499,287
14500,288
14501,294
14502,301
14503,292
14504,288
14505,291
14506,292
14507,303
14508,285
14509,272
14510,287
14511,294
14512,286
14513,270
14514,280
14515,278
14516,287
14517,275
14518,292
14519,269
14520,297
14521,283
14522,280
14523,295
14524,291
14525,296
14526,279
14527,282
14528,315
14529,296
14530,303
14531,302
14532,269
14533,286
14534,259
14535,229
14536,248
14537,204
14538,237
14539,250
14540,273
14541,288
14542,291
14543,279
14544,298
14545,276
14546,307
14547,280
14548,264
14549,269
14550,264
14551,265
14552,252
14553,248
14554,253
14555,241
14556,229
14557,224
14558,227
14559,235
14560,276
14561,282
14562,260
14563,278
14564,292
14565,283
14566,275
14567,287
14568,282
14569,284
14570,297
14571,306
14572,295
14573,291
14574,283
14575,292
14576,309
14577,296
14578,293
14579,275
14580,288
14581,275
14582,304
14583,268
14584,267
14585,269
14586,275
14587,270
14588,299
14589,297
14590,291
14591,287
15144,269
15145,288
15146,287
15147,290
15148,277
15149,283
15150,266
15151,245
15152,247
15153,313
15154,260
15155,283
15156,264
15157,299
15158,283
15159,295
15160,257
15161,297
15162,301
15163,267
15164,291
15165,272
15166,290
15167,284
15168,275
15169,285
15170,270
15171,233
15172,257
15173,232
15174,291
15175,273
15176,297
15177,311
15178,276
15179,268
15180,275
15181,304
15182,286
15183,282
15184,279
15185,280
15186,269
15187,305
15188,279
15189,284
15190,278
15191,243
15192,280
15193,282
15194,268
15195,287
15196,278
15197,267
15198,279
15199,259
15200,261
15201,263
15202,305
15203,296
15204,286
15205,297
15206,290
15207,278
15208,269
15209,294
15210,203
15211,193
15212,270
15213,220
15214,200
15215,246
15216,246
15217,284
15218,273
15219,272
15220,225
15221,227
15222,280
15223,222
15224,259
15225,264
15226,277
15227,282
15228,231
15229,237
15230,243
15231,177
15232,176
15233,253
15234,248
15235,302
15236,239
15237,278
15238,295
15239,230
15240,261
15241,235
15242,280
15243,243
15244,289
15245,302
15246,227
15247,298
15248,291
15249,288
15250,298
15251,286
15252,310
15253,285
15254,227
15255,268
15256,268
15257,233
15258,230
15259,236
15260,231
15261,244
15262,221
15263,222
15264,242
15265,244
15266,242
15267,223
15268,219
15269,214
15270,202
15271,192
15272,187
15273,191
15274,202
15275,184
15276,182
15277,189
15278,192
15279,185
15280,193
15281,190
15282,197
15283,209
15284,214
15285,211
15286,220
15287,226
15288,192
15289,203
15290,227
15291,230
15292,232
15293,226
15294,211
15295,213
15296,215
15297,214
15298,214
15299,223
15300,218
15301,212
15302,205
15303,198
15304,208
15305,211
15306,215
15307,254
15308,257
15309,254
15310,243
15311,244
15312,244
15313,179
15314,222
15315,195
15316,176
15317,222
15318,219
15319,213
15320,213
15321,200
15322,197
15323,196
15324,170
15325,182
15326,189
15327,169
15328,178
15329,205
15330,207
15331,207
15332,201
15333,227
15334,240
15335,247
15888,279
15889,327
15890,253
15891,261
15892,233
15893,244
15894,241
15895,258
15896,323
15897,291
15898,257
15899,245
15900,253
15901,237
15902,221
15903,198
15904,193
15905,208
15906,252
15907,242
15908,291
15909,302
15910,312
15911,334
15912,311
15913,337
15914,318
15915,307
15916,280
15917,284
15918,289
15919,264
15920,253
15921,341
15922,260
15923,319
15924,351
15925,320
15926,294
15927,307
15928,286
15929,389
15930,352
15931,369
15932,371
15933,376
15934,384
15935,348
15936,429
15937,444
15938,339
15939,381
15940,417
15941,428
15942,422
15943,398
15944,323
15945,387
15946,366
15947,446
15948,463
15949,441
15950,447
15951,445
15952,449
15953,426
15954,486
15955,424
15956,465
15957,382
15958,407
15959,371
15960,426
15961,365
15962,416
15963,480
15964,461
15965,413
15966,345
15967,380
15968,461
15969,433
15970,471
15971,422
15972,313
15973,258
15974,237
15975,219
15976,206
15977,202
15978,192
15979,204
15980,191
15981,190
15982,196
15983,193
15984,212
15985,214
15986,209
15987,193
15988,195
15989,207
15990,170
15991,201
15992,178
15993,204
15994,212
15995,203
15996,184
15997,204
15998,215
15999,230
16000,231
16001,230
16002,223
16003,224
16004,223
16005,226
16006,245
16007,304
16008,234
16009,290
16010,231
16011,279
16012,259
16013,246
16014,227
16015,252
16016,277
16017,223
16018,239
16019,242
16020,278
16021,293
16022,231
16023,182
16024,297
16025,250
16026,241
16027,207
16028,192
16029,183
16030,194
16031,171
16032,171
16033,162
16034,156
16035,151
16036,183
16037,172
16038,207
16039,180
16040,194
16041,153
16042,179
16043,166
16044,196
16045,206
16046,201
16047,201
16048,198
16049,200
16050,196
16051,217
16052,223
16053,225
16054,206
16055,172
16608,193
16609,213
16610,212
16611,244
16612,253
16613,220
16614,248
16615,298
16616,210
16617,185
16618,196
16619,190
16620,220
16621,207
16622,213
16623,225
16624,230
16625,214
16626,237
16627,274
16628,279
16629,249
16630,245
16631,280
16632,454
16633,407
16634,400
16635,371
16636,348
16637,293
16638,385
16639,419
16640,322
16641,354
16642,308
16643,322
16644,283
16645,280
16646,293
16647,255
16648,314
16649,272
16650,342
16651,341
16652,404
16653,390
16654,386
16655,456
16656,406
16657,419
16658,353
16659,338
16660,308
16661,323
16662,323
16663,292
16664,323
16665,317
16666,338
16667,224
16668,213
16669,211
16670,199
16671,206
16672,195
16673,195
16674,193
16675,197
16676,224
16677,218
16678,216
16679,261
16680,198
16681,185
16682,202
16683,174
16684,173
16685,180
16686,176
16687,171
16688,176
16689,183
16690,181
16691,184
16692,194
16693,187
16694,193
16695,194
16696,193
16697,192
16698,211
16699,210
16700,213
16701,274
16702,296
16703,279
16704,229
16705,267
16706,327
16707,306
16708,263
16709,284
16710,303
16711,194
16712,300
16713,286
16714,299
16715,313
16716,280
16717,337
16718,360
16719,285
16720,303
16721,324
16722,376
16723,327
16724,371
16725,384
16726,205
16727,186
16728,189
16729,197
16730,190
16731,187
16732,174
16733,177
16734,175
16735,177
16736,177
16737,174
16738,181
16739,186
16740,192
16741,196
16742,193
16743,193
16744,197
16745,195
16746,197
16747,199
16748,231
16749,224
16750,359
16751,253
16752,335
16753,322
16754,311
16755,348
16756,337
16757,380
16758,309
16759,349
16760,367
16761,330
16762,293
16763,242
16764,196
16765,216
16766,202
16767,220
16768,222
16769,267
16770,279
16771,378
16772,360
16773,408
16774,427
16775,347
16776,337
16777,321
16778,256
16779,222
16780,192
16781,189
16782,176
16783,172
16784,171
16785,176
16786,176
16787,178
16788,183
16789,193
16790,184
16791,194
16792,196
16793,237
16794,218
16795,204
16796,216
16797,245
16798,248
16799,268
17352,293
17353,429
17354,323
17355,285
17356,298
17357,294
17358,255
17359,344
17360,237
17361,234
17362,307
17363,274
17364,244
17365,254
17366,291
17367,350
17368,254
17369,368
17370,243
17371,219
17372,236
17373,219
17374,205
17375,218
17376,197
17377,192
17378,198
17379,194
17380,190
17381,194
17382,187
17383,188
17384,201
17385,192
17386,184
17387,192
17388,183
17389,203
17390,183
17391,200
17392,223
17393,232
17394,247
17395,211
17396,251
17397,282
17398,285
17399,283
17400,398
17401,287
17402,315
17403,201
17404,242
17405,280
17406,260
17407,205
17408,167
17409,233
17410,227
17411,217
17412,255
17413,264
17414,254
17415,282
17416,233
17417,270
17418,332
17419,276
17420,294
17421,348
17422,327
17423,211
17424,360
17425,456
17426,216
17427,376
17428,304
17429,215
17430,219
17431,207
17432,206
17433,227
17434,222
17435,212
17436,244
17437,299
17438,266
17439,287
17440,339
17441,303
17442,374
17443,276
17444,334
17445,508
17446,403
17447,564
17448,452
17449,308
17450,417
17451,394
17452,434
17453,305
17454,311
17455,270
17456,236
17457,242
17458,257
17459,298
17460,252
17461,237
17462,281
17463,232
17464,263
17465,236
17466,387
17467,392
17468,413
17469,415
17470,394
17471,546
17472,533
17473,495
17474,440
17475,260
17476,240
17477,229
17478,200
17479,196
17480,198
17481,191
17482,196
17483,198
17484,207
17485,209
17486,199
17487,201
17488,209
17489,216
17490,220
17491,199
17492,299
17493,256
17494,238
17495,277
17496,227
17497,224
17498,226
17499,205
17500,190
17501,200
17502,200
17503,195
17504,207
17505,194
17506,188
17507,189
17508,201
17509,200
17510,200
17511,196
17512,208
17513,211
17514,200
17515,211
17516,204
17517,276
17518,300
17519,239
18072,581
18073,572
18074,588
18075,528
18076,616
18077,593
18078,592
18079,587
18080,582
18081,499
18082,492
18083,524
18084,596
18085,582
18086,563
18087,595
18088,619
18089,575
18090,637
18091,635
18092,622
18093,667
18094,570
18095,585
18096,278
18097,260
18098,255
18099,276
18100,293
18101,254
18102,278
18103,358
18104,286
18105,270
18106,245
18107,258
18108,235
18109,242
18110,241
18111,238
18112,238
18113,249
18114,242
18115,290
18116,294
18117,320
18118,303
18119,312
18120,283
18121,332
18122,282
18123,397
18124,372
18125,321
18126,304
18127,257
18128,280
18129,301
18130,308
18131,240
18132,265
18133,278
18134,303
18135,309
18136,348
18137,390
18138,417
18139,423
18140,466
18141,497
18142,722
18143,456
18144,432
18145,473
18146,412
18147,544
18148,568
18149,424
18150,365
18151,399
18152,548
18153,454
18154,439
18155,316
18156,382
18157,460
18158,384
18159,393
18160,398
18161,369
18162,476
18163,522
18164,477
18165,542
18166,534
18167,739
18168,517
18169,446
18170,433
18171,504
18172,442
18173,487
18174,533
18175,407
18176,502
18177,566
18178,407
18179,472
18180,498
18181,454
18182,439
18183,492
18184,486
18185,507
18186,466
18187,495
18188,471
18189,468
18190,498
18191,526
18192,485
18193,454
18194,464
18195,445
18196,470
18197,508
18198,396
18199,388
18200,368
18201,427
18202,422
18203,463
18204,453
18205,463
18206,467
18207,446
18208,438
18209,480
18210,466
18211,505
18212,447
18213,475
18214,588
18215,494
18216,487
18217,452
18218,509
18219,538
18220,555
18221,468
18222,490
18223,400
18224,458
18225,494
18226,442
18227,440
18228,450
18229,430
18230,447
18231,487
18232,462
18233,468
18234,516
18235,516
18236,479
18237,448
18238,425
18239,433
18240,493
18241,451
18242,484
18243,438
18244,444
18245,439
18246,504
18247,549
18248,583
18249,561
18250,538
18251,547
18252,522
18253,565
18254,592
18255,592
18256,587
18257,584
18258,531
18259,567
18260,536
18261,609
18262,630
18263,633
18816,491
18817,407
18818,314
18819,402
18820,392
18821,445
18822,296
18823,363
18824,257
18825,284
18826,286
18827,298
18828,336
18829,300
18830,311
18831,311
18832,301
18833,300
18834,343
18835,381
18836,385
18837,485
18838,446
18839,349
18840,429
18841,468
18842,367
18843,349
18844,438
18845,339
18846,377
18847,410
18848,412
18849,422
18850,425
18851,349
18852,362
18853,399
18854,464
18855,433
18856,464
18857,470
18858,413
18859,440
18860,432
18861,422
18862,451
18863,388
18864,424
18865,425
18866,426
18867,396
18868,407
18869,427
18870,450
18871,358
18872,367
18873,410
18874,367
18875,331
18876,337
18877,341
18878,340
18879,463
18880,354
18881,453
18882,436
18883,452
18884,442
18885,396
18886,413
18887,423
18888,367
18889,373
18890,322
18891,319
18892,280
18893,264
18894,320
18895,306
18896,328
18897,315
18898,317
18899,358
18900,354
18901,484
18902,482
18903,378
18904,401
18905,406
18906,420
18907,413
18908,397
18909,423
18910,420
18911,455
18912,490
18913,535
18914,477
18915,476
18916,553
18917,518
18918,453
18919,457
18920,433
18921,429
18922,425
18923,307
18924,268
18925,263
18926,248
18927,290
18928,240
18929,278
18930,254
18931,441
18932,424
18933,447
18934,408
18935,535
18936,457
18937,530
18938,514
18939,476
18940,480
18941,463
18942,455
18943,445
18944,497
18945,517
18946,497
18947,462
18948,275
18949,235
18950,237
18951,233
18952,219
18953,221
18954,219
18955,216
18956,224
18957,220
18958,208
18959,209
18960,211
18961,203
18962,199
18963,196
18964,190
18965,197
18966,188
18967,188
18968,185
18969,180
18970,188
18971,204
18972,192
18973,205
18974,212
18975,200
18976,207
18977,222
18978,233
18979,247
18980,240
18981,227
18982,227
18983,219
18984,236
18985,294
18986,283
18987,297
18988,348
18989,232
18990,255
18991,247
18992,267
18993,211
18994,232
18995,284
18996,275
18997,316
18998,262
18999,318
19000,274
19001,268
19002,274
19003,278
19004,286
19005,352
19006,447
19007,357
19560,300
19561,257
19562,279
19563,302
19564,380
19565,313
19566,294
19567,393
19568,405
19569,394
19570,419
19571,446
19572,408
19573,393
19574,377
19575,377
19576,364
19577,350
19578,367
19579,521
19580,506
19581,433
19582,461
19583,413
19584,415
19585,451
19586,464
19587,432
19588,456
19589,452
19590,469
19591,483
19592,504
19593,497
19594,532
19595,505
19596,486
19597,319
19598,341
19599,341
19600,277
19601,227
19602,211
19603,207
19604,202
19605,244
19606,240
19607,216
19608,201
19609,214
19610,209
19611,205
19612,201
19613,191
19614,211
19615,209
19616,192
19617,187
19618,195
19619,219
19620,232
19621,304
19622,248
19623,226
19624,261
19625,190
19626,238
19627,220
19628,382
19629,320
19630,366
19631,359
19632,404
19633,415
19634,361
19635,355
19636,292
19637,322
19638,316
19639,345
19640,322
19641,340
19642,303
19643,231
19644,218
19645,306
19646,332
19647,258
19648,261
19649,373
19650,359
19651,368
19652,383
19653,328
19654,306
19655,368
19656,349
19657,329
19658,274
19659,336
19660,338
19661,293
19662,350
19663,350
19664,319
19665,284
19666,355
19667,322
19668,324
19669,409
19670,378
19671,427
19672,383
19673,394
19674,434
19675,386
19676,403
19677,336
19678,349
19679,341
19680,414
19681,419
19682,396
19683,391
19684,377
19685,398
19686,316
19687,329
19688,399
19689,403
19690,401
19691,386
19692,377
19693,421
19694,391
19695,418
19696,449
19697,545
19698,484
19699,428
19700,497
19701,431
19702,449
19703,535
19704,520
19705,450
19706,485
19707,447
19708,513
19709,485
19710,432
19711,463
19712,461
19713,372
19714,384
19715,355
19716,360
19717,373
19718,336
19719,296
19720,330
19721,356
19722,339
19723,295
19724,268
19725,275
19726,217
19727,205
20280,262
20281,270
20282,245
20283,241
20284,256
20285,235
20286,221
20287,237
20288,234
20289,209
20290,224
20291,224
20292,244
20293,246
20294,219
20295,219
20296,220
20297,195
20298,205
20299,204
20300,205
20301,237
20302,252
20303,208
20304,214
20305,251
20306,240
20307,234
20308,238
20309,306
20310,292
20311,289
20312,289
20313,245
20314,269
20315,283
20316,278
20317,268
20318,258
20319,299
20320,290
20321,258
20322,286
20323,282
20324,288
20325,234
20326,242
20327,241
20328,240
20329,294
20330,268
20331,287
20332,253
20333,285
20334,310
20335,299
20336,292
20337,234
20338,295
20339,278
20340,277
20341,289
20342,305
20343,307
20344,303
20345,299
20346,288
20347,287
20348,288
20349,284
20350,284
20351,312
20352,321
20353,305
20354,329
20355,352
20356,354
20357,315
20358,362
20359,338
20360,328
20361,313
20362,353
20363,363
20364,372
20365,357
20366,381
20367,359
20368,359
20369,359
20370,365
20371,268
20372,256
20373,271
20374,272
20375,251
20376,217
20377,205
20378,234
20379,255
20380,286
20381,270
20382,307
20383,299
20384,273
20385,225
20386,259
20387,268
20388,247
20389,253
20390,236
20391,225
20392,224
20393,204
20394,226
20395,210
20396,220
20397,210
20398,206
20399,219
20400,253
20401,202
20402,199
20403,193
20404,247
20405,241
20406,253
20407,209
20408,211
20409,237
20410,241
20411,243
20412,261
20413,270
20414,252
20415,211
20416,224
20417,233
20418,198
20419,242
20420,258
20421,249
20422,239
20423,255
20424,275
20425,269
20426,293
20427,310
20428,340
20429,327
20430,309
20431,317
20432,332
20433,283
20434,299
20435,283
20436,268
20437,271
20438,268
20439,260
20440,263
20441,290
20442,267
20443,302
20444,271
20445,275
20446,304
20447,329
20448,263
20449,269
20450,265
20451,272
20452,303
20453,299
20454,312
20455,309
20456,330
20457,334
20458,375
20459,319
20460,305
20461,324
20462,304
20463,326
20464,327
20465,320
20466,324
20467,310
20468,303
20469,292
20470,306
20471,303
21024,380
21025,389
21026,377
21027,353
21028,369
21029,356
21030,376
21031,384
21032,384
21033,383
21034,387
21035,358
21036,379
21037,378
21038,362
21039,390
21040,365
21041,360
21042,370
21043,283
21044,336
21045,250
21046,267
21047,269
21048,329
21049,380
21050,360
21051,361
21052,320
21053,359
21054,385
21055,342
21056,343
21057,374
21058,379
21059,387
21060,377
21061,384
21062,372
21063,332
21064,376
21065,347
21066,369
21067,332
21068,340
21069,345
21070,365
21071,363
21072,345
21073,354
21074,362
21075,358
21076,350
21077,356
21078,345
21079,336
21080,372
21081,349
21082,345
21083,314
21084,375
21085,364
21086,358
21087,361
21088,366
21089,341
21090,331
21091,349
21092,343
21093,346
21094,358
21095,308
21096,252
21097,237
21098,273
21099,256
21100,245
21101,246
21102,248
21103,246
21104,247
21105,254
21106,247
21107,242
21108,241
21109,231
21110,216
21111,221
21112,208
21113,217
21114,230
21115,226
21116,259
21117,252
21118,253
21119,276
21120,322
21121,303
21122,293
21123,290
21124,293
21125,291
21126,312
21127,302
21128,300
21129,276
21130,283
21131,300
21132,243
21133,241
21134,244
21135,225
21136,228
21137,217
21138,215
21139,227
21140,240
21141,256
21142,253
21143,267
21144,254
21145,266
21146,263
21147,308
21148,267
21149,321
21150,340
21151,339
21152,352
21153,353
21154,297
21155,338
21156,339
21157,344
21158,290
21159,303
21160,307
21161,287
21162,275
21163,309
21164,315
21165,339
21166,344
21167,366
21168,341
21169,322
21170,330
21171,334
21172,329
21173,335
21174,336
21175,320
21176,320
21177,301
21178,247
21179,248
21180,258
21181,238
21182,265
21183,243
21184,241
21185,262
21186,271
21187,293
21188,296
21189,288
21190,288
21191,345
21744,338
21745,339
21746,339
21747,339
21748,343
21749,358
21750,370
21751,357
21752,354
21753,338
21754,338
21755,378
21756,346
21757,364
21758,347
21759,374
21760,334
21761,383
21762,343
21763,325
21764,291
21765,359
21766,356
21767,346
21768,364
21769,358
21770,319
21771,336
21772,364
21773,317
21774,338
21775,321
21776,307
21777,354
21778,372
21779,416
21780,409
21781,376
21782,338
21783,361
21784,329
21785,363
21786,330
21787,338
21788,349
21789,350
21790,348
21791,371
21792,349
21793,298
21794,278
21795,341
21796,328
21797,330
21798,298
21799,345
21800,301
21801,288
21802,316
21803,301
21804,254
21805,264
21806,260
21807,242
21808,244
21809,247
21810,271
21811,345
21812,297
21813,358
21814,334
21815,350
21816,365
21817,318
21818,366
21819,359
21820,399
21821,376
21822,326
21823,378
21824,316
21825,354
21826,347
21827,312
21828,338
21829,342
21830,332
21831,328
21832,314
21833,324
21834,334
21835,387
21836,338
21837,349
21838,281
21839,315
21840,317
21841,344
21842,308
21843,321
21844,363
21845,333
21846,364
21847,362
21848,348
21849,363
21850,330
21851,345
21852,329
21853,392
21854,371
21855,379
21856,388
21857,394
21858,360
21859,369
21860,384
21861,335
21862,363
21863,371
21864,337
21865,357
21866,366
21867,381
21868,378
21869,345
21870,398
21871,339
21872,391
21873,378
21874,381
21875,396
21876,403
21877,380
21878,385
21879,380
21880,377
21881,397
21882,375
21883,350
21884,341
21885,384
21886,379
21887,355
21888,344
21889,353
21890,373
21891,346
21892,380
21893,340
21894,360
21895,352
21896,328
21897,351
21898,367
21899,394
21900,404
21901,350
21902,388
21903,368
21904,379
21905,381
21906,349
21907,368
21908,353
21909,365
21910,325
21911,342
21912,350
21913,292
21914,324
21915,274
21916,330
21917,271
21918,339
21919,287
21920,320
21921,276
21922,316
21923,323
21924,311
21925,291
21926,306
21927,292
21928,277
21929,290
21930,249
21931,265
21932,261
21933,320
21934,266
21935,302
22488,248
22489,307
22490,271
22491,262
22492,276
22493,259
22494,255
22495,253
22496,301
22497,286
22498,272
22499,282
22500,257
22501,295
22502,297
22503,329
22504,306
22505,304
22506,294
22507,302
22508,271
22509,284
22510,329
22511,327
22512,310
22513,289
22514,343
22515,300
22516,343
22517,340
22518,284
22519,313
22520,345
22521,323
22522,321
22523,254
22524,331
22525,316
22526,329
22527,315
22528,339
22529,311
22530,305
22531,302
22532,301
22533,292
22534,293
22535,315
22536,253
22537,281
22538,275
22539,251
22540,325
22541,268
22542,282
22543,293
22544,304
22545,262
22546,293
22547,222
22548,203
22549,213
22550,207
22551,206
22552,206
22553,216
22554,191
22555,240
22556,214
22557,237
22558,290
22559,255
22560,276
22561,247
22562,312
22563,325
22564,294
22565,286
22566,289
22567,318
22568,276
22569,271
22570,301
22571,307
22572,292
22573,281
22574,293
22575,286
22576,258
22577,253
22578,278
22579,291
22580,283
22581,251
22582,291
22583,280
22584,277
22585,275
22586,269
22587,283
22588,227
22589,283
22590,279
22591,255
22592,303
22593,270
22594,299
22595,296
22596,269
22597,284
22598,238
22599,281
22600,271
22601,248
22602,257
22603,252
22604,289
22605,283
22606,291
22607,288
22608,230
22609,225
22610,211
22611,216
22612,224
22613,228
22614,227
22615,279
22616,298
22617,277
22618,255
22619,266
22620,243
22621,223
22622,239
22623,281
22624,236
22625,284
22626,280
22627,275
22628,237
22629,240
22630,235
22631,228
22632,252
22633,242
22634,276
22635,240
22636,259
22637,246
22638,270
22639,259
22640,289
22641,291
22642,281
22643,312
22644,264
22645,276
22646,300
22647,266
22648,290
22649,293
22650,262
22651,258
22652,278
22653,321
22654,264
22655,274
22656,285
22657,274
22658,246
22659,258
22660,297
22661,277
22662,274
22663,267
22664,319
22665,318
22666,326
22667,325
22668,297
22669,325
22670,288
22671,327
22672,273
22673,274
22674,262
22675,301
22676,302
22677,244
22678,248
22679,255
23232,232
23233,236
23234,235
23235,260
23236,254
23237,220
23238,241
23239,252
23240,234
23241,224
23242,213
23243,206
23244,198
23245,208
23246,212
23247,212
23248,225
23249,237
23250,258
23251,241
23252,286
23253,262
23254,256
23255,254
23256,259
23257,247
23258,271
23259,254
23260,262
23261,241
23262,249
23263,246
23264,267
23265,243
23266,295
23267,251
23268,258
23269,277
23270,273
23271,267
23272,276
23273,268
23274,268
23275,253
23276,242
23277,231
23278,280
23279,267
23280,232
23281,254
23282,255
23283,276
23284,236
23285,259
23286,301
23287,251
23288,236
23289,252
23290,248
23291,269
23292,254
23293,275
23294,287
23295,286
23296,243
23297,256
23298,257
23299,273
23300,262
23301,273
23302,240
23303,276
23304,248
23305,246
23306,272
23307,270
23308,249
23309,223
23310,230
23311,190
23312,215
23313,188
23314,223
23315,199
23316,225
23317,219
23318,213
23319,218
23320,212
23321,207
23322,218
23323,202
23324,217
23325,221
23326,223
23327,226
23328,242
23329,259
23330,227
23331,240
23332,242
23333,245
23334,229
23335,226
23336,222
23337,222
23338,234
23339,231
23340,231
23341,232
23342,232
23343,225
23344,198
23345,216
23346,217
23347,235
23348,238
23349,234
23350,251
23351,224
23352,239
23353,245
23354,241
23355,245
23356,246
23357,235
23358,238
23359,235
23360,235
23361,232
23362,232
23363,256
23364,230
23365,194
23366,190
23367,190
23368,198
23369,205
23370,223
23371,222
23372,244
23373,271
23374,256
23375,245
23928,228
23929,236
23930,227
23931,218
23932,218
23933,242
23934,212
23935,200
23936,213
23937,206
23938,217
23939,215
23940,207
23941,216
23942,219
23943,220
23944,196
23945,200
23946,204
23947,214
23948,231
23949,232
23950,258
23951,247
23952,232
23953,243
23954,221
23955,239
23956,148
23957,174
23958,201
23959,212
23960,200
23961,197
23962,174
23963,187
23964,185
23965,199
23966,201
23967,217
23968,193
23969,205
23970,210
23971,221
23972,221
23973,223
23974,244
23975,277
23976,242
23977,244
23978,252
23979,247
23980,262
23981,251
23982,230
23983,197
23984,231
23985,211
23986,250
23987,241
23988,233
23989,213
23990,225
23991,240
23992,229
23993,232
23994,240
23995,254
23996,245
23997,246
23998,245
23999,275
24000,250
24001,325
24002,266
24003,258
24004,278
24005,247
24006,267
24007,247
24008,250
24009,231
24010,231
24011,243
24012,265
24013,272
24014,254
24015,251
24016,251
24017,260
24018,268
24019,271
24020,274
24021,252
24022,263
24023,269
24024,264
24025,275
24026,257
24027,263
24028,258
24029,260
24030,251
24031,250
24032,266
24033,251
24034,256
24035,270
24036,278
24037,272
24038,257
24039,281
24040,272
24041,264
24042,277
24043,255
24044,280
24045,300
24046,258
24047,300
24048,251
24049,259
24050,267
24051,289
24052,237
24053,271
24054,230
24055,245
24056,237
24057,267
24058,271
24059,276
24060,288
24061,277
24062,260
24063,254
24064,257
24065,275
24066,276
24067,271
24068,265
24069,297
24070,278
24071,288
24072,246
24073,256
24074,267
24075,293
24076,248
24077,252
24078,293
24079,260
24080,268
24081,279
24082,286
24083,271
24084,271
24085,275
24086,260
24087,252
24088,260
24089,264
24090,270
24091,334
24092,288
24093,272
24094,238
24095,262
24096,278
24097,281
24098,292
24099,294
24100,305
24101,288
24102,270
24103,269
24104,268
24105,250
24106,243
24107,228
24108,251
24109,294
24110,256
24111,257
24112,225
24113,258
24114,218
24115,241
24116,232
24117,273
24118,248
24119,285
24672,245
24673,228
24674,244
24675,244
24676,256
24677,283
24678,276
24679,250
24680,224
24681,227
24682,222
24683,238
24684,237
24685,239
24686,238
24687,251
24688,241
24689,258
24690,371
24691,270
24692,312
24693,364
24694,390
24695,398
24696,348
24697,331
24698,311
24699,311
24700,290
24701,288
24702,283
24703,256
24704,245
24705,231
24706,224
24707,228
24708,223
24709,259
24710,258
24711,274
24712,269
24713,282
24714,256
24715,322
24716,327
24717,393
24718,364
24719,397
24720,279
24721,306
24722,290
24723,291
24724,263
24725,275
24726,284
24727,241
24728,261
24729,303
24730,274
24731,281
24732,279
24733,256
24734,271
24735,272
24736,287
24737,279
24738,313
24739,288
24740,338
24741,306
24742,302
24743,349
24744,293
24745,277
24746,272
24747,276
24748,270
24749,268
24750,240
24751,255
24752,237
24753,241
24754,230
24755,225
24756,228
24757,240
24758,263
24759,297
24760,274
24761,299
24762,288
24763,305
24764,312
24765,323
24766,280
24767,327
24768,294
24769,287
24770,246
24771,279
24772,264
24773,287
24774,247
24775,256
24776,217
24777,252
24778,226
24779,236
24780,233
24781,225
24782,222
24783,209
24784,196
24785,219
24786,253
24787,329
24788,282
24789,234
24790,264
24791,283
24792,232
24793,252
24794,305
24795,288
24796,316
24797,279
24798,258
24799,306
24800,262
24801,255
24802,292
24803,296
24804,248
24805,284
24806,245
24807,276
24808,266
24809,242
24810,335
24811,337
24812,332
24813,351
24814,334
24815,344
24816,321
24817,341
24818,333
24819,329
24820,304
24821,333
24822,276
24823,274
24824,269
24825,259
24826,269
24827,274
24828,262
24829,339
24830,292
24831,270
24832,308
24833,309
24834,305
24835,370
24836,388
24837,385
24838,340
24839,383
25392,376
25393,342
25394,376
25395,359
25396,340
25397,316
25398,310
25399,293
25400,268
25401,240
25402,248
25403,246
25404,224
25405,223
25406,221
25407,221
25408,265
25409,284
25410,284
25411,294
25412,249
25413,246
25414,251
25415,220
25416,199
25417,199
25418,202
25419,200
25420,198
25421,194
25422,182
25423,180
25424,184
25425,188
25426,194
25427,196
25428,210
25429,200
25430,200
25431,199
25432,199
25433,201
25434,194
25435,195
25436,272
25437,299
25438,315
25439,316
25440,337
25441,308
25442,288
25443,296
25444,319
25445,330
25446,307
25447,294
25448,249
25449,221
25450,236
25451,224
25452,248
25453,225
25454,214
25455,205
25456,197
25457,209
25458,200
25459,198
25460,197
25461,199
25462,188
25463,184
25464,199
25465,198
25466,188
25467,185
25468,183
25469,177
25470,179
25471,178
25472,188
25473,188
25474,189
25475,188
25476,197
25477,201
25478,196
25479,201
25480,200
25481,196
25482,201
25483,205
25484,195
25485,200
25486,198
25487,195
25488,201
25489,197
25490,193
25491,189
25492,186
25493,192
25494,189
25495,189
25496,192
25497,194
25498,200
25499,199
25500,200
25501,207
25502,195
25503,199
25504,201
25505,198
25506,202
25507,208
25508,202
25509,203
25510,201
25511,201
25512,195
25513,206
25514,307
25515,276
25516,265
25517,248
25518,255
25519,238
25520,267
25521,244
25522,210
25523,234
25524,240
25525,261
25526,239
25527,253
25528,248
25529,239
25530,248
25531,260
25532,253
25533,256
25534,280
25535,324
25536,314
25537,335
25538,290
25539,327
25540,283
25541,276
25542,261
25543,263
25544,219
25545,246
25546,261
25547,276
25548,271
25549,245
25550,262
25551,269
25552,253
25553,309
25554,267
25555,279
25556,286
25557,322
25558,430
25559,282
25560,294
25561,307
25562,346
25563,311
25564,290
25565,290
25566,282
25567,261
25568,247
25569,247
25570,217
25571,248
25572,249
25573,247
25574,250
25575,241
25576,271
25577,255
25578,255
25579,260
25580,252
25581,290
25582,323
25583,376
26136,457
26137,479
26138,479
26139,438
26140,378
26141,338
26142,413
26143,268
26144,418
26145,316
26146,427
26147,265
26148,276
26149,273
26150,249
26151,224
26152,222
26153,218
26154,208
26155,206
26156,203
26157,215
26158,207
26159,201
26160,204
26161,206
26162,207
26163,197
26164,200
26165,198
26166,192
26167,191
26168,188
26169,192
26170,194
26171,203
26172,208
26173,206
26174,204
26175,211
26176,215
26177,208
26178,211
26179,218
26180,205
26181,209
26182,205
26183,204
26184,196
26185,199
26186,203
26187,197
26188,193
26189,197
26190,186
26191,195
26192,192
26193,181
26194,203
26195,199
26196,211
26197,210
26198,216
26199,218
26200,269
26201,243
26202,307
26203,303
26204,295
26205,332
26206,264
26207,306
26208,384
26209,273
26210,262
26211,243
26212,229
26213,225
26214,218
26215,216
26216,214
26217,220
26218,215
26219,212
26220,223
26221,223
26222,219
26223,217
26224,211
26225,216
26226,214
26227,215
26228,220
26229,217
26230,218
26231,214
26232,262
26233,249
26234,232
26235,225
26236,215
26237,214
26238,214
26239,238
26240,239
26241,285
26242,263
26243,263
26244,259
26245,260
26246,250
26247,233
26248,238
26249,232
26250,245
26251,239
26252,247
26253,278
26254,359
26255,335
26256,247
26257,227
26258,212
26259,212
26260,195
26261,203
26262,201
26263,203
26264,209
26265,205
26266,202
26267,202
26268,204
26269,207
26270,207
26271,208
26272,211
26273,210
26274,210
26275,201
26276,243
26277,280
26278,270
26279,266
26280,311
26281,249
26282,359
26283,297
26284,242
26285,279
26286,222
26287,220
26288,216
26289,221
26290,220
26291,210
26292,218
26293,214
26294,207
26295,217
26296,207
26297,215
26298,207
26299,208
26300,199
26301,198
26302,200
26303,197
26856,544
26857,427
26858,366
26859,343
26860,287
26861,356
26862,371
26863,459
26864,416
26865,359
26866,330
26867,285
26868,295
26869,269
26870,290
26871,266
26872,254
26873,244
26874,249
26875,263
26876,321
26877,280
26878,300
26879,299
26880,297
26881,287
26882,331
26883,305
26884,308
26885,286
26886,243
26887,241
26888,271
26889,229
26890,272
26891,244
26892,257
26893,243
26894,243
26895,242
26896,232
26897,286
26898,290
26899,303
26900,290
26901,375
26902,458
26903,519
26904,406
26905,342
26906,481
26907,515
26908,329
26909,333
26910,412
26911,316
26912,351
26913,349
26914,315
26915,325
26916,376
26917,324
26918,282
26919,297
26920,308
26921,267
26922,325
26923,324
26924,380
26925,461
26926,479
26927,409
26928,322
26929,506
26930,397
26931,447
26932,438
26933,411
26934,343
26935,375
26936,437
26937,397
26938,403
26939,304
26940,269
26941,257
26942,296
26943,297
26944,258
26945,305
26946,258
26947,236
26948,215
26949,213
26950,231
26951,242
26952,232
26953,273
26954,273
26955,242
26956,234
26957,263
26958,267
26959,252
26960,247
26961,260
26962,270
26963,283
26964,307
26965,363
26966,284
26967,353
26968,302
26969,275
26970,274
26971,274
26972,304
26973,357
26974,377
26975,352
26976,309
26977,619
26978,617
26979,605
26980,392
26981,466
26982,402
26983,504
26984,381
26985,568
26986,501
26987,510
26988,507
26989,472
26990,514
26991,428
26992,525
26993,422
26994,593
26995,552
26996,483
26997,581
26998,504
26999,507
27000,521
27001,572
27002,526
27003,524
27004,297
27005,422
27006,234
27007,236
27008,271
27009,253
27010,255
27011,258
27012,244
27013,275
27014,248
27015,271
27016,254
27017,252
27018,278
27019,310
27020,429
27021,440
27022,442
27023,516
27024,394
27025,404
27026,408
27027,367
27028,563
27029,582
27030,528
27031,513
27032,562
27033,498
27034,457
27035,472
27036,532
27037,488
27038,542
27039,529
27040,531
27041,555
27042,519
27043,558
27044,490
27045,562
27046,498
27047,585
27600,474
27601,444
27602,457
27603,432
27604,449
27605,438
27606,434
27607,443
27608,398
27609,430
27610,479
27611,471
27612,479
27613,492
27614,430
27615,432
27616,493
27617,473
27618,466
27619,467
27620,470
27621,520
27622,502
27623,488
27624,542
27625,456
27626,493
27627,473
27628,481
27629,478
27630,484
27631,448
27632,429
27633,441
27634,503
27635,518
27636,481
27637,492
27638,456
27639,522
27640,527
27641,489
27642,494
27643,481
27644,473
27645,541
27646,528
27647,519
27648,512
27649,480
27650,500
27651,506
27652,485
27653,467
27654,469
27655,482
27656,536
27657,520
27658,582
27659,575
27660,602
27661,549
27662,525
27663,578
27664,575
27665,435
27666,491
27667,474
27668,504
27669,494
27670,582
27671,531
27672,300
27673,283
27674,263
27675,285
27676,246
27677,230
27678,228
27679,238
27680,245
27681,212
27682,241
27683,232
27684,281
27685,260
27686,276
27687,270
27688,284
27689,253
27690,268
27691,324
27692,283
27693,377
27694,353
27695,351
27696,419
27697,331
27698,474
27699,511
27700,478
27701,469
27702,513
27703,472
27704,503
27705,454
27706,469
27707,495
27708,427
27709,376
27710,326
27711,426
27712,425
27713,439
27714,346
27715,468
27716,533
27717,420
27718,516
27719,532
27720,484
27721,520
27722,485
27723,500
27724,430
27725,509
27726,459
27727,462
27728,342
27729,410
27730,274
27731,255
27732,237
27733,230
27734,226
27735,263
27736,272
27737,251
27738,283
27739,282
27740,278
27741,301
27742,293
27743,310
27744,391
27745,380
27746,361
27747,462
27748,456
27749,418
27750,443
27751,422
27752,457
27753,448
27754,457
27755,337
27756,361
27757,336
27758,344
27759,314
27760,315
27761,293
27762,317
27763,392
27764,401
27765,412
27766,497
27767,482
27768,426
27769,473
27770,505
27771,486
27772,441
27773,434
27774,443
27775,414
27776,416
27777,481
27778,457
27779,430
27780,497
27781,496
27782,481
27783,473
27784,428
27785,474
27786,425
27787,437
27788,430
27789,438
27790,350
27791,337
28344,558
28345,565
28346,539
28347,531
28348,533
28349,531
28350,523
28351,554
28352,534
28353,538
28354,512
28355,520
28356,515
28357,400
28358,405
28359,463
28360,527
28361,467
28362,452
28363,525
28364,461
28365,479
28366,518
28367,496
28368,520
28369,512
28370,507
28371,505
28372,550
28373,511
28374,476
28375,460
28376,479
28377,461
28378,515
28379,516
28380,497
28381,472
28382,484
28383,450
28384,478
28385,527
28386,515
28387,482
28388,489
28389,506
28390,579
28391,577
28392,589
28393,600
28394,518
28395,593
28396,533
28397,483
28398,464
28399,472
28400,395
28401,411
28402,470
28403,434
28404,395
28405,440
28406,403
28407,360
28408,447
28409,398
28410,436
28411,427
28412,411
28413,422
28414,506
28415,456
28416,509
28417,512
28418,504
28419,497
28420,507
28421,452
28422,469
28423,490
28424,358
28425,319
28426,386
28427,289
28428,310
28429,316
28430,299
28431,279
28432,289
28433,293
28434,275
28435,280
28436,286
28437,282
28438,284
28439,365
28440,340
28441,342
28442,329
28443,355
28444,412
28445,346
28446,438
28447,444
28448,459
28449,527
28450,542
28451,539
28452,470
28453,538
28454,502
28455,436
28456,413
28457,418
28458,393
28459,440
28460,509
28461,531
28462,528
28463,537
28464,551
28465,525
28466,486
28467,532
28468,474
28469,499
28470,464
28471,540
28472,511
28473,525
28474,512
28475,532
28476,495
28477,399
28478,324
28479,384
28480,371
28481,379
28482,318
28483,364
28484,398
28485,438
28486,514
28487,483
28488,479
28489,531
28490,549
28491,476
28492,528
28493,513
28494,496
28495,542
28496,468
28497,483
28498,408
28499,385
28500,385
28501,375
28502,460
28503,378
28504,470
28505,463
28506,376
28507,411
28508,347
28509,363
28510,386
28511,362
29064,304
29065,300
29066,298
29067,290
29068,293
29069,314
29070,327
29071,357
29072,324
29073,354
29074,331
29075,348
29076,296
29077,300
29078,305
29079,346
29080,318
29081,355
29082,358
29083,354
29084,352
29085,352
29086,338
29087,409
29088,360
29089,360
29090,400
29091,393
29092,345
29093,350
29094,352
29095,346
29096,337
29097,317
29098,322
29099,325
29100,322
29101,325
29102,300
29103,308
29104,279
29105,351
29106,312
29107,347
29108,322
29109,347
29110,353
29111,348
29112,327
29113,316
29114,340
29115,360
29116,371
29117,361
29118,334
29119,355
29120,355
29121,338
29122,387
29123,347
29124,272
29125,266
29126,292
29127,299
29128,284
29129,303
29130,293
29131,300
29132,320
29133,329
29134,342
29135,382
29136,337
29137,326
29138,317
29139,320
29140,315
29141,336
29142,356
29143,369
29144,342
29145,323
29146,352
29147,325
29148,338
29149,347
29150,347
29151,345
29152,349
29153,343
29154,340
29155,318
29156,344
29157,346
29158,332
29159,328
29160,345
29161,335
29162,328
29163,354
29164,381
29165,365
29166,371
29167,365
29168,348
29169,359
29170,380
29171,404
29172,371
29173,370
29174,366
29175,351
29176,356
29177,347
29178,335
29179,345
29180,333
29181,328
29182,339
29183,337
29184,339
29185,330
29186,320
29187,322
29188,330
29189,333
29190,319
29191,343
29192,333
29193,335
29194,415
29195,396
29196,406
29197,375
29198,353
29199,368
29200,339
29201,357
29202,297
29203,327
29204,305
29205,313
29206,274
29207,305
29208,270
29209,303
29210,300
29211,261
29212,284
29213,239
29214,236
29215,243
29216,221
29217,230
29218,220
29219,227
29220,240
29221,238
29222,227
29223,232
29224,246
29225,246
29226,247
29227,248
29228,286
29229,305
29230,256
29231,323
29232,328
29233,343
29234,288
29235,311
29236,321
29237,300
29238,335
29239,350
29240,333
29241,333
29242,336
29243,348
29244,313
29245,307
29246,318
29247,317
29248,260
29249,260
29250,237
29251,232
29252,247
29253,245
29254,253
29255,249
29808,287
29809,245
29810,297
29811,307
29812,238
29813,264
29814,299
29815,262
29816,243
29817,219
29818,227
29819,214
29820,235
29821,238
29822,250
29823,260
29824,254
29825,259
29826,249
29827,212
29828,219
29829,260
29830,263
29831,269
29832,268
29833,265
29834,275
29835,263
29836,294
29837,307
29838,300
29839,343
29840,286
29841,297
29842,273
29843,265
29844,256
29845,256
29846,250
29847,245
29848,254
29849,246
29850,231
29851,231
29852,248
29853,236
29854,247
29855,243
29856,285
29857,337
29858,356
29859,323
29860,328
29861,312
29862,349
29863,331
29864,308
29865,319
29866,271
29867,266
29868,266
29869,265
29870,261
29871,254
29872,254
29873,244
29874,235
29875,257
29876,283
29877,340
29878,292
29879,330
29880,284
29881,290
29882,319
29883,300
29884,334
29885,302
29886,320
29887,314
29888,277
29889,280
29890,280
29891,285
29892,275
29893,291
29894,295
29895,276
29896,264
29897,296
29898,287
29899,307
29900,275
29901,294
29902,271
29903,259
29904,259
29905,287
29906,317
29907,297
29908,297
29909,324
29910,317
29911,320
29912,311
29913,305
29914,315
29915,284
29916,302
29917,301
29918,288
29919,290
29920,284
29921,289
29922,290
29923,278
29924,295
29925,295
29926,285
29927,287
29928,380
29929,355
29930,318
29931,333
29932,351
29933,327
29934,337
29935,349
29936,334
29937,330
29938,323
29939,319
29940,314
29941,295
29942,330
29943,379
29944,341
29945,352
29946,283
29947,289
29948,289
29949,332
29950,331
29951,333
29952,327
29953,320
29954,315
29955,283
29956,299
29957,309
29958,291
29959,333
29960,329
29961,317
29962,342
29963,321
29964,309
29965,297
29966,286
29967,335
29968,299
29969,309
29970,306
29971,291
29972,285
29973,307
29974,313
29975,336
30528,325
30529,315
30530,320
30531,313
30532,330
30533,329
30534,318
30535,316
30536,320
30537,321
30538,323
30539,347
30540,317
30541,285
30542,229
30543,243
30544,316
30545,243
30546,309
30547,307
30548,305
30549,301
30550,292
30551,310
30552,268
30553,304
30554,286
30555,280
30556,281
30557,240
30558,259
30559,271
30560,223
30561,225
30562,246
30563,213
30564,198
30565,226
30566,215
30567,212
30568,203
30569,191
30570,203
30571,206
30572,213
30573,216
30574,226
30575,234
30576,247
30577,234
30578,234
30579,229
30580,223
30581,211
30582,254
30583,233
30584,212
30585,213
30586,224
30587,232
30588,207
30589,219
30590,197
30591,191
30592,211
30593,195
30594,203
30595,222
30596,203
30597,234
30598,213
30599,251
30600,252
30601,247
30602,279
30603,284
30604,273
30605,258
30606,273
30607,269
30608,259
30609,275
30610,246
30611,249
30612,260
30613,234
30614,260
30615,231
30616,266
30617,229
30618,257
30619,250
30620,238
30621,291
30622,311
30623,244
30624,313
30625,294
30626,306
30627,297
30628,303
30629,256
30630,290
30631,257
30632,251
30633,266
30634,276
30635,287
30636,301
30637,288
30638,284
30639,254
30640,226
30641,243
30642,230
30643,216
30644,229
30645,251
30646,249
30647,227
30648,264
30649,288
30650,293
30651,288
30652,324
30653,327
30654,291
30655,275
30656,275
30657,264
30658,242
30659,267
30660,300
30661,266
30662,323
30663,300
30664,318
30665,303
30666,308
30667,301
30668,287
30669,323
30670,237
30671,252
30672,277
30673,279
30674,306
30675,305
30676,265
30677,273
30678,325
30679,269
30680,318
30681,356
30682,328
30683,290
30684,318
30685,299
30686,314
30687,290
30688,317
30689,338
30690,343
30691,303
30692,319
30693,349
30694,307
30695,336
30696,287
30697,292
30698,345
30699,321
30700,340
30701,313
30702,357
30703,343
30704,298
30705,385
30706,357
30707,333
30708,350
30709,291
30710,299
30711,356
30712,318
30713,303
30714,348
30715,314
30716,312
30717,323
30718,327
30719,292
31272,305
31273,261
31274,266
31275,266
31276,267
31277,287
31278,310
31279,306
31280,284
31281,248
31282,217
31283,268
31284,241
31285,216
31286,236
31287,233
31288,246
31289,219
31290,234
31291,242
31292,243
31293,273
31294,348
31295,246
31296,287
31297,265
31298,348
31299,321
31300,278
31301,348
31302,344
31303,304
31304,351
31305,314
31306,290
31307,254
31308,203
31309,214
31310,207
31311,234
31312,226
31313,239
31314,227
31315,274
31316,300
31317,325
31318,334
31319,339
31320,279
31321,309
31322,339
31323,333
31324,337
31325,339
31326,338
31327,336
31328,334
31329,296
31330,244
31331,281
31332,253
31333,241
31334,218
31335,216
31336,216
31337,278
31338,304
31339,232
31340,304
31341,242
31342,353
31343,338
31344,294
31345,330
31346,313
31347,223
31348,325
31349,312
31350,269
31351,269
31352,312
31353,296
31354,287
31355,311
31356,292
31357,321
31358,309
31359,311
31360,305
31361,298
31362,297
31363,304
31364,279
31365,307
31366,313
31367,310
31368,306
31369,329
31370,309
31371,326
31372,296
31373,359
31374,330
31375,354
31376,307
31377,305
31378,298
31379,327
31380,302
31381,301
31382,284
31383,272
31384,292
31385,323
31386,321
31387,317
31388,335
31389,333
31390,336
31391,342
31392,348
31393,341
31394,381
31395,378
31396,321
31397,322
31398,317
31399,324
31400,359
31401,353
31402,349
31403,291
31404,274
31405,293
31406,337
31407,274
31408,308
31409,276
31410,320
31411,315
31412,323
31413,318
31414,343
31415,378
31416,351
31417,344
31418,341
31419,316
31420,339
31421,353
31422,338
31423,345
31424,328
31425,326
31426,317
31427,344
31428,332
31429,316
31430,320
31431,317
31432,309
31433,310
31434,293
31435,287
31436,313
31437,320
31438,333
31439,317
31440,343
31441,367
31442,350
31443,349
31444,349
31445,336
31446,325
31447,357
31448,313
31449,316
31450,308
31451,286
31452,326
31453,261
31454,270
31455,274
31456,282
31457,322
31458,321
31459,308
31460,288
31461,320
31462,332
31463,272
32016,238
32017,209
32018,252
32019,205
32020,216
32021,209
32022,213
32023,238
32024,220
32025,226
32026,220
32027,193
32028,197
32029,206
32030,195
32031,212
32032,223
32033,224
32034,222
32035,222
32036,269
32037,264
32038,235
32039,252
32040,276
32041,241
32042,250
32043,271
32044,271
32045,266
32046,259
32047,256
32048,303
32049,282
32050,268
32051,260
32052,236
32053,246
32054,227
32055,257
32056,279
32057,301
32058,283
32059,261
32060,260
32061,276
32062,255
32063,265
32064,250
32065,276
32066,258
32067,258
32068,274
32069,248
32070,271
32071,243
32072,278
32073,272
32074,256
32075,288
32076,261
32077,260
32078,264
32079,305
32080,260
32081,289
32082,250
32083,284
32084,297
32085,266
32086,273
32087,302
32088,342
32089,318
32090,315
32091,334
32092,314
32093,305
32094,304
32095,271
32096,299
32097,319
32098,300
32099,302
32100,288
32101,330
32102,318
32103,321
32104,327
32105,328
32106,295
32107,311
32108,306
32109,291
32110,286
32111,275
32112,240
32113,252
32114,288
32115,260
32116,248
32117,259
32118,250
32119,263
32120,258
32121,297
32122,303
32123,275
32124,287
32125,298
32126,291
32127,277
32128,285
32129,235
32130,233
32131,265
32132,260
32133,273
32134,260
32135,262
32688,297
32689,285
32690,254
32691,269
32692,217
32693,284
32694,297
32695,279
32696,279
32697,270
32698,288
32699,289
32700,278
32701,288
32702,287
32703,287
32704,268
32705,250
32706,287
32707,280
32708,285
32709,286
32710,276
32711,290
32712,296
32713,299
32714,284
32715,281
32716,290
32717,258
32718,294
32719,297
32720,297
32721,313
32722,300
32723,302
32724,307
32725,299
32726,316
32727,302
32728,309
32729,294
32730,285
32731,315
32732,306
32733,295
32734,291
32735,280
32736,290
32737,293
32738,272
32739,281
32740,305
32741,288
32742,262
32743,271
32744,269
32745,256
32746,287
32747,295
32748,287
32749,279
32750,297
32751,322
32752,296
32753,344
32754,302
32755,294
32756,288
32757,332
32758,318
32759,298
32760,279
32761,271
32762,267
32763,272
32764,301
32765,238
32766,248
32767,273
32768,243
32769,232
32770,248
32771,255
32772,239
32773,245
32774,240
32775,212
32776,218
32777,254
32778,253
32779,309
32780,280
32781,279
32782,285
32783,257
32784,285
32785,291
32786,241
32787,231
32788,223
32789,222
32790,268
32791,261
32792,233
32793,283
32794,275
32795,256
32796,256
32797,303
32798,288
32799,271
32800,269
32801,271
32802,287
32803,269
32804,284
32805,294
32806,278
32807,280
32808,247
32809,242
32810,259
32811,228
32812,260
32813,243
32814,266
32815,277
32816,236
32817,277
32818,234
32819,227
32820,213
32821,213
32822,215
32823,219
32824,216
32825,201
32826,184
32827,175
32828,205
32829,205
32830,209
32831,205
32832,205
32833,220
32834,221
32835,212
32836,208
32837,187
32838,198
32839,200
32840,191
32841,175
32842,206
32843,217
32844,211
32845,217
32846,197
32847,208
32848,204
32849,213
32850,229
32851,225
32852,229
32853,213
32854,208
32855,206
32856,249
32857,236
32858,233
32859,233
32860,227
32861,234
32862,198
32863,219
32864,224
32865,237
32866,228
32867,242
32868,239
32869,225
32870,231
32871,241
32872,238
32873,229
32874,230
32875,213
32876,235
32877,247
32878,182
32879,222
33432,473
33433,470
33434,394
33435,371
33436,458
33437,349
33438,347
33439,387
33440,394
33441,393
33442,333
33443,479
33444,397
33445,474
33446,454
33447,444
33448,401
33449,400
33450,512
33451,489
33452,474
33453,398
33454,410
33455,458
33456,427
33457,454
33458,396
33459,360
33460,420
33461,219
33462,216
33463,179
33464,195
33465,172
33466,179
33467,172
33468,182
33469,178
33470,167
33471,178
33472,164
33473,179
33474,160
33475,154
33476,166
33477,149
33478,151
33479,173
33480,131
33481,141
33482,185
33483,163
33484,163
33485,142
33486,165
33487,164
33488,163
33489,139
33490,167
33491,163
33492,161
33493,188
33494,179
33495,166
33496,207
33497,208
33498,204
33499,194
33500,184
33501,207
33502,213
33503,253
33504,255
33505,194
33506,285
33507,276
33508,262
33509,243
33510,219
33511,253
33512,267
33513,285
33514,282
33515,297
33516,285
33517,278
33518,280
33519,263
33520,290
33521,282
33522,262
33523,250
33524,282
33525,317
33526,288
33527,344
33528,339
33529,322
33530,324
33531,324
33532,289
33533,283
33534,289
33535,279
33536,271
33537,268
33538,294
33539,282
33540,310
33541,277
33542,313
33543,295
33544,298
33545,330
33546,375
33547,344
33548,384
33549,332
33550,391
33551,361
33552,285
33553,329
33554,308
33555,305
33556,322
33557,319
33558,386
33559,326
33560,372
33561,291
33562,360
33563,303
33564,324
33565,354
33566,329
33567,321
33568,378
33569,304
33570,339
33571,387
33572,317
33573,429
33574,401
33575,329
33576,355
33577,365
33578,347
33579,528
33580,371
33581,397
33582,395
33583,377
33584,449
33585,399
33586,430
33587,293
33588,471
33589,389
33590,311
33591,358
33592,370
33593,393
33594,458
33595,480
33596,457
33597,402
33598,421
33599,333
34152,418
34153,318
34154,335
34155,290
34156,251
34157,278
34158,229
34159,205
34160,156
34161,251
34162,223
34163,208
34164,218
34165,200
34166,203
34167,206
34168,238
34169,206
34170,236
34171,242
34172,241
34173,316
34174,323
34175,308
34176,366
34177,324
34178,400
34179,397
34180,393
34181,304
34182,416
34183,406
34184,413
34185,367
34186,402
34187,339
34188,347
34189,340
34190,367
34191,376
34192,356
34193,356
34194,344
34195,399
34196,416
34197,381
34198,405
34199,414
34200,424
34201,419
34202,488
34203,414
34204,414
34205,549
34206,496
34207,473
34208,488
34209,476
34210,465
34211,399
34212,432
34213,448
34214,439
34215,464
34216,433
34217,436
34218,404
34219,414
34220,406
34221,466
34222,445
34223,502
34224,405
34225,444
34226,433
34227,253
34228,197
34229,186
34230,177
34231,170
34232,187
34233,188
34234,202
34235,201
34236,212
34237,225
34238,238
34239,224
34240,224
34241,220
34242,216
34243,264
34244,235
34245,339
34246,232
34247,245
34248,284
34249,304
34250,239
34251,231
34252,248
34253,311
34254,278
34255,252
34256,233
34257,230
34258,219
34259,259
34260,271
34261,295
34262,299
34263,289
34264,373
34265,321
34266,335
34267,358
34268,306
34269,352
34270,351
34271,289
34272,256
34273,413
34274,417
34275,360
34276,342
34277,323
34278,383
34279,379
34280,331
34281,364
34282,371
34283,386
34284,396
34285,357
34286,376
34287,391
34288,408
34289,387
34290,350
34291,380
34292,389
34293,408
34294,354
34295,344
34296,378
34297,401
34298,377
34299,355
34300,363
34301,348
34302,303
34303,269
34304,216
34305,203
34306,205
34307,197
34308,182
34309,181
34310,186
34311,187
34312,179
34313,180
34314,181
34315,180
34316,179
34317,178
34318,159
34319,173
34320,161
34321,169
34322,170
34323,165
34324,155
34325,143
34326,153
34327,142
34328,142
34329,156
34330,152
34331,156
34332,168
34333,176
34334,184
34335,169
34336,182
34337,170
34338,156
34339,167
34340,163
34341,162
34342,161
34343,171
34896,194
34897,226
34898,209
34899,234
34900,226
34901,199
34902,295
34903,296
34904,245
34905,235
34906,230
34907,259
34908,262
34909,269
34910,311
34911,282
34912,265
34913,311
34914,383
34915,328
34916,495
34917,319
34918,362
34919,343
34920,424
34921,458
34922,473
34923,437
34924,340
34925,328
34926,342
34927,279
34928,331
34929,408
34930,468
34931,367
34932,429
34933,481
34934,463
34935,439
34936,359
34937,486
34938,417
34939,324
34940,406
34941,426
34942,429
34943,425
34944,486
34945,467
34946,442
34947,402
34948,398
34949,329
34950,309
34951,336
34952,283
34953,364
34954,277
34955,337
34956,293
34957,338
34958,305
34959,377
34960,364
34961,355
34962,346
34963,458
34964,354
34965,458
34966,481
34967,519
34968,384
34969,363
34970,393
34971,354
34972,395
34973,379
34974,337
34975,292
34976,355
34977,364
34978,266
34979,264
34980,303
34981,260
34982,255
34983,267
34984,249
34985,236
34986,236
34987,239
34988,306
34989,290
34990,299
34991,390
34992,472
34993,408
34994,387
34995,337
34996,283
34997,231
34998,179
34999,244
35000,282
35001,297
35002,298
35003,302
35004,266
35005,261
35006,234
35007,231
35008,218
35009,214
35010,259
35011,286
35012,343
35013,295
35014,305
35015,355
35016,381
35017,371
35018,276
35019,239
35020,283
35021,280
35022,259
35023,304
35024,277
35025,253
35026,287
35027,291
35028,280
35029,273
35030,261
35031,260
35032,273
35033,282
35034,338
35035,306
35036,270
35037,239
35038,215
35039,204
35040,200
35041,200
35042,199
35043,196
35044,193
35045,181
35046,178
35047,178
35048,178
35049,191
35050,194
35051,187
35052,197
35053,195
35054,195
35055,195
35056,203
35057,198
35058,194
35059,201
35060,209
35061,195
35062,190
35063,202
